[{"model": "admin.logentry", "pk": 1, "fields": {"action_time": "2023-06-02T10:24:44.475Z", "user": 1, "content_type": 16, "object_id": "1", "object_repr": "SUBCODE | Django Basics | CO", "action_flag": 1, "change_message": "[{\"added\": {}}]"}}, {"model": "admin.logentry", "pk": 2, "fields": {"action_time": "2023-06-02T10:25:17.673Z", "user": 1, "content_type": 11, "object_id": "1", "object_repr": "Python Basics | SUBCODE | Django Basics | CO", "action_flag": 1, "change_message": "[{\"added\": {}}]"}}, {"model": "admin.logentry", "pk": 3, "fields": {"action_time": "2023-06-02T10:25:50.656Z", "user": 1, "content_type": 11, "object_id": "2", "object_repr": "Database Concepts | SUBCODE | Django Basics | CO", "action_flag": 1, "change_message": "[{\"added\": {}}]"}}, {"model": "admin.logentry", "pk": 4, "fields": {"action_time": "2023-06-02T10:25:53.232Z", "user": 1, "content_type": 11, "object_id": "2", "object_repr": "Database Concepts | SUBCODE | Django Basics | CO", "action_flag": 2, "change_message": "[]"}}, {"model": "admin.logentry", "pk": 5, "fields": {"action_time": "2023-06-02T10:26:32.878Z", "user": 1, "content_type": 11, "object_id": "3", "object_repr": "Django Models | SUBCODE | Django Basics | CO", "action_flag": 1, "change_message": "[{\"added\": {}}]"}}, {"model": "admin.logentry", "pk": 6, "fields": {"action_time": "2023-06-02T10:28:30.159Z", "user": 1, "content_type": 11, "object_id": "4", "object_repr": "Django Views | SUBCODE | Django Basics | CO", "action_flag": 1, "change_message": "[{\"added\": {}}]"}}, {"model": "admin.logentry", "pk": 7, "fields": {"action_time": "2023-06-02T10:28:59.878Z", "user": 1, "content_type": 11, "object_id": "5", "object_repr": "Django Templates | SUBCODE | Django Basics | CO", "action_flag": 1, "change_message": "[{\"added\": {}}]"}}, {"model": "admin.logentry", "pk": 8, "fields": {"action_time": "2023-06-02T10:30:55.153Z", "user": 1, "content_type": 26, "object_id": "1", "object_repr": "admin@admin.com", "action_flag": 1, "change_message": "[{\"added\": {}}]"}}, {"model": "admin.logentry", "pk": 9, "fields": {"action_time": "2023-06-02T10:31:34.031Z", "user": 1, "content_type": 19, "object_id": "1", "object_repr": "2021 | 5 | UG | BE | CSE", "action_flag": 1, "change_message": "[{\"added\": {}}]"}}, {"model": "admin.logentry", "pk": 10, "fields": {"action_time": "2023-06-02T10:32:02.960Z", "user": 1, "content_type": 21, "object_id": "1", "object_repr": "2021 | 5 | UG | BE | CSE | SUBCODE | Django Basics | CO", "action_flag": 1, "change_message": "[{\"added\": {}}]"}}, {"model": "admin.logentry", "pk": 11, "fields": {"action_time": "2023-06-02T10:32:30.768Z", "user": 1, "content_type": 20, "object_id": "1", "object_repr": "2021 | 5 | UG | BE | CSE | 1 | Python Basics | SUBCODE | Django Basics | CO", "action_flag": 1, "change_message": "[{\"added\": {}}]"}}, {"model": "admin.logentry", "pk": 12, "fields": {"action_time": "2023-06-02T10:32:32.047Z", "user": 1, "content_type": 20, "object_id": "1", "object_repr": "2021 | 5 | UG | BE | CSE | 1 | Python Basics | SUBCODE | Django Basics | CO", "action_flag": 2, "change_message": "[]"}}, {"model": "admin.logentry", "pk": 13, "fields": {"action_time": "2023-06-02T10:32:36.617Z", "user": 1, "content_type": 20, "object_id": "2", "object_repr": "2021 | 5 | UG | BE | CSE | 2 | Database Concepts | SUBCODE | Django Basics | CO", "action_flag": 1, "change_message": "[{\"added\": {}}]"}}, {"model": "admin.logentry", "pk": 14, "fields": {"action_time": "2023-06-02T10:32:38.073Z", "user": 1, "content_type": 20, "object_id": "2", "object_repr": "2021 | 5 | UG | BE | CSE | 2 | Database Concepts | SUBCODE | Django Basics | CO", "action_flag": 2, "change_message": "[]"}}, {"model": "admin.logentry", "pk": 15, "fields": {"action_time": "2023-06-02T10:32:43.172Z", "user": 1, "content_type": 20, "object_id": "3", "object_repr": "2021 | 5 | UG | BE | CSE | 3 | Django Models | SUBCODE | Django Basics | CO", "action_flag": 1, "change_message": "[{\"added\": {}}]"}}, {"model": "admin.logentry", "pk": 16, "fields": {"action_time": "2023-06-02T10:32:48.453Z", "user": 1, "content_type": 20, "object_id": "4", "object_repr": "2021 | 5 | UG | BE | CSE | 4 | Django Views | SUBCODE | Django Basics | CO", "action_flag": 1, "change_message": "[{\"added\": {}}]"}}, {"model": "admin.logentry", "pk": 17, "fields": {"action_time": "2023-06-02T10:32:55.487Z", "user": 1, "content_type": 20, "object_id": "5", "object_repr": "2021 | 5 | UG | BE | CSE | 5 | Django Templates | SUBCODE | Django Basics | CO", "action_flag": 1, "change_message": "[{\"added\": {}}]"}}, {"model": "admin.logentry", "pk": 18, "fields": {"action_time": "2023-06-02T10:34:57.842Z", "user": 1, "content_type": 11, "object_id": "1", "object_repr": "Python Basics | SUBCODE | Django Basics | CO", "action_flag": 2, "change_message": "[]"}}, {"model": "admin.logentry", "pk": 19, "fields": {"action_time": "2023-06-02T10:35:01.875Z", "user": 1, "content_type": 11, "object_id": "5", "object_repr": "Django Templates | SUBCODE | Django Basics | CO", "action_flag": 2, "change_message": "[{\"changed\": {\"fields\": [\"Outcome btl\"]}}]"}}, {"model": "admin.logentry", "pk": 20, "fields": {"action_time": "2023-06-02T10:35:05.197Z", "user": 1, "content_type": 11, "object_id": "4", "object_repr": "Django Views | SUBCODE | Django Basics | CO", "action_flag": 2, "change_message": "[]"}}, {"model": "admin.logentry", "pk": 21, "fields": {"action_time": "2023-06-02T10:35:07.929Z", "user": 1, "content_type": 11, "object_id": "3", "object_repr": "Django Models | SUBCODE | Django Basics | CO", "action_flag": 2, "change_message": "[]"}}, {"model": "admin.logentry", "pk": 22, "fields": {"action_time": "2023-06-02T10:35:11.013Z", "user": 1, "content_type": 11, "object_id": "2", "object_repr": "Database Concepts | SUBCODE | Django Basics | CO", "action_flag": 2, "change_message": "[{\"changed\": {\"fields\": [\"Outcome btl\"]}}]"}}, {"model": "admin.logentry", "pk": 23, "fields": {"action_time": "2023-06-02T10:35:13.809Z", "user": 1, "content_type": 11, "object_id": "1", "object_repr": "Python Basics | SUBCODE | Django Basics | CO", "action_flag": 2, "change_message": "[]"}}, {"model": "admin.logentry", "pk": 24, "fields": {"action_time": "2023-07-02T18:36:57.203Z", "user": 1, "content_type": 8, "object_id": "1", "object_repr": "rahul@citchennai.net", "action_flag": 2, "change_message": "[{\"changed\": {\"fields\": [\"Approved\"]}}]"}}, {"model": "admin.logentry", "pk": 25, "fields": {"action_time": "2023-07-02T18:37:04.312Z", "user": 1, "content_type": 8, "object_id": "1", "object_repr": "rahul@citchennai.net", "action_flag": 2, "change_message": "[{\"changed\": {\"fields\": [\"Approved\"]}}]"}}, {"model": "admin.logentry", "pk": 26, "fields": {"action_time": "2023-07-02T18:37:09.125Z", "user": 1, "content_type": 8, "object_id": "1", "object_repr": "rahul@citchennai.net", "action_flag": 2, "change_message": "[{\"changed\": {\"fields\": [\"Approved\"]}}]"}}, {"model": "admin.logentry", "pk": 27, "fields": {"action_time": "2023-07-02T18:37:53.754Z", "user": 1, "content_type": 8, "object_id": "1", "object_repr": "rahul@citchennai.net", "action_flag": 2, "change_message": "[{\"changed\": {\"fields\": [\"Approved\"]}}]"}}, {"model": "admin.logentry", "pk": 28, "fields": {"action_time": "2023-07-02T18:37:55.255Z", "user": 1, "content_type": 8, "object_id": "1", "object_repr": "rahul@citchennai.net", "action_flag": 2, "change_message": "[{\"changed\": {\"fields\": [\"Approved\"]}}]"}}, {"model": "admin.logentry", "pk": 29, "fields": {"action_time": "2023-07-02T18:37:57.441Z", "user": 1, "content_type": 8, "object_id": "1", "object_repr": "rahul@citchennai.net", "action_flag": 2, "change_message": "[{\"changed\": {\"fields\": [\"Approved\"]}}]"}}, {"model": "admin.logentry", "pk": 30, "fields": {"action_time": "2023-07-02T18:38:53.310Z", "user": 1, "content_type": 8, "object_id": "1", "object_repr": "rahul@citchennai.net", "action_flag": 2, "change_message": "[{\"changed\": {\"fields\": [\"Approved\"]}}]"}}, {"model": "admin.logentry", "pk": 31, "fields": {"action_time": "2023-07-02T18:42:34.200Z", "user": 1, "content_type": 8, "object_id": "2", "object_repr": "dhanussl.it2021@citchennai.net", "action_flag": 3, "change_message": ""}}, {"model": "admin.logentry", "pk": 64, "fields": {"action_time": "2023-07-02T18:48:38.823Z", "user": 1, "content_type": 8, "object_id": "3", "object_repr": "dhanussl.it2021@citchennai.net", "action_flag": 3, "change_message": ""}}, {"model": "admin.logentry", "pk": 65, "fields": {"action_time": "2023-07-02T18:57:48.022Z", "user": 1, "content_type": 8, "object_id": "36", "object_repr": "dhanussl.it2021@citchennai.net", "action_flag": 3, "change_message": ""}}, {"model": "admin.logentry", "pk": 66, "fields": {"action_time": "2023-07-09T13:48:16.752Z", "user": 1, "content_type": 8, "object_id": "37", "object_repr": "dhanussl.it2021@citchennai.net", "action_flag": 3, "change_message": ""}}, {"model": "admin.logentry", "pk": 67, "fields": {"action_time": "2023-07-09T13:50:23.077Z", "user": 1, "content_type": 8, "object_id": "None", "object_repr": "dhanussl.it2021@citchennai.net", "action_flag": 2, "change_message": "[{\"changed\": {\"fields\": [\"Approved\"]}}]"}}, {"model": "admin.logentry", "pk": 68, "fields": {"action_time": "2023-07-10T04:06:21.260Z", "user": 1, "content_type": 17, "object_id": "246", "object_repr": "i am iron man", "action_flag": 3, "change_message": ""}}, {"model": "admin.logentry", "pk": 69, "fields": {"action_time": "2023-07-10T04:06:21.271Z", "user": 1, "content_type": 17, "object_id": "245", "object_repr": "right here", "action_flag": 3, "change_message": ""}}, {"model": "admin.logentry", "pk": 70, "fields": {"action_time": "2023-07-10T04:06:21.276Z", "user": 1, "content_type": 17, "object_id": "244", "object_repr": "mass bro", "action_flag": 3, "change_message": ""}}, {"model": "admin.logentry", "pk": 71, "fields": {"action_time": "2023-07-10T04:06:21.278Z", "user": 1, "content_type": 17, "object_id": "243", "object_repr": "dass", "action_flag": 3, "change_message": ""}}, {"model": "admin.logentry", "pk": 72, "fields": {"action_time": "2023-07-10T04:06:21.279Z", "user": 1, "content_type": 17, "object_id": "242", "object_repr": "vsdfa\n\nvandha raja", "action_flag": 3, "change_message": ""}}, {"model": "admin.logentry", "pk": 73, "fields": {"action_time": "2023-07-10T04:06:21.281Z", "user": 1, "content_type": 17, "object_id": "241", "object_repr": "* 1\n* w\n* 3\n* sdf\n* sdf\n* sdf\n* s\n* dfsd\n* fs\n* dfsdf\n* sd\n* fsd\n* f\n* sdf", "action_flag": 3, "change_message": ""}}, {"model": "admin.logentry", "pk": 74, "fields": {"action_time": "2023-07-10T04:06:21.282Z", "user": 1, "content_type": 17, "object_id": "240", "object_repr": "vsdf rara", "action_flag": 3, "change_message": ""}}, {"model": "admin.logentry", "pk": 75, "fields": {"action_time": "2023-07-10T04:06:21.283Z", "user": 1, "content_type": 17, "object_id": "239", "object_repr": "ss", "action_flag": 3, "change_message": ""}}, {"model": "admin.logentry", "pk": 76, "fields": {"action_time": "2023-07-10T04:06:21.285Z", "user": 1, "content_type": 17, "object_id": "238", "object_repr": "pretty great", "action_flag": 3, "change_message": ""}}, {"model": "admin.logentry", "pk": 77, "fields": {"action_time": "2023-07-10T04:06:21.286Z", "user": 1, "content_type": 17, "object_id": "237", "object_repr": "wonderful", "action_flag": 3, "change_message": ""}}, {"model": "admin.logentry", "pk": 78, "fields": {"action_time": "2023-07-10T04:06:21.287Z", "user": 1, "content_type": 17, "object_id": "236", "object_repr": "dhanus", "action_flag": 3, "change_message": ""}}, {"model": "admin.logentry", "pk": 79, "fields": {"action_time": "2023-07-10T04:06:21.288Z", "user": 1, "content_type": 17, "object_id": "235", "object_repr": "dumb me", "action_flag": 3, "change_message": ""}}, {"model": "admin.logentry", "pk": 80, "fields": {"action_time": "2023-07-10T04:06:21.289Z", "user": 1, "content_type": 17, "object_id": "234", "object_repr": "asa", "action_flag": 3, "change_message": ""}}, {"model": "admin.logentry", "pk": 81, "fields": {"action_time": "2023-07-10T04:06:21.290Z", "user": 1, "content_type": 17, "object_id": "233", "object_repr": "enthiran\n\n2.9", "action_flag": 3, "change_message": ""}}, {"model": "admin.logentry", "pk": 82, "fields": {"action_time": "2023-07-10T04:06:21.292Z", "user": 1, "content_type": 17, "object_id": "232", "object_repr": "robo", "action_flag": 3, "change_message": ""}}, {"model": "admin.logentry", "pk": 83, "fields": {"action_time": "2023-07-10T04:06:21.293Z", "user": 1, "content_type": 17, "object_id": "231", "object_repr": "gold", "action_flag": 3, "change_message": ""}}, {"model": "admin.logentry", "pk": 84, "fields": {"action_time": "2023-07-10T04:06:21.294Z", "user": 1, "content_type": 17, "object_id": "230", "object_repr": "tutxli", "action_flag": 3, "change_message": ""}}, {"model": "admin.logentry", "pk": 85, "fields": {"action_time": "2023-07-10T04:06:21.295Z", "user": 1, "content_type": 17, "object_id": "229", "object_repr": "", "action_flag": 3, "change_message": ""}}, {"model": "admin.logentry", "pk": 86, "fields": {"action_time": "2023-07-10T04:06:21.296Z", "user": 1, "content_type": 17, "object_id": "228", "object_repr": "microsoft", "action_flag": 3, "change_message": ""}}, {"model": "admin.logentry", "pk": 87, "fields": {"action_time": "2023-07-10T04:06:21.298Z", "user": 1, "content_type": 17, "object_id": "227", "object_repr": "google don", "action_flag": 3, "change_message": ""}}, {"model": "admin.logentry", "pk": 88, "fields": {"action_time": "2023-07-10T04:06:21.299Z", "user": 1, "content_type": 17, "object_id": "226", "object_repr": "titok\n\nwow", "action_flag": 3, "change_message": ""}}, {"model": "admin.logentry", "pk": 89, "fields": {"action_time": "2023-07-10T04:06:21.301Z", "user": 1, "content_type": 17, "object_id": "225", "object_repr": "meow", "action_flag": 3, "change_message": ""}}, {"model": "admin.logentry", "pk": 90, "fields": {"action_time": "2023-07-10T04:06:21.302Z", "user": 1, "content_type": 17, "object_id": "224", "object_repr": "idk", "action_flag": 3, "change_message": ""}}, {"model": "admin.logentry", "pk": 91, "fields": {"action_time": "2023-07-10T04:06:21.303Z", "user": 1, "content_type": 17, "object_id": "223", "object_repr": "vuejs", "action_flag": 3, "change_message": ""}}, {"model": "admin.logentry", "pk": 92, "fields": {"action_time": "2023-07-10T04:06:21.304Z", "user": 1, "content_type": 17, "object_id": "222", "object_repr": "wow", "action_flag": 3, "change_message": ""}}, {"model": "admin.logentry", "pk": 93, "fields": {"action_time": "2023-07-10T04:06:21.306Z", "user": 1, "content_type": 17, "object_id": "221", "object_repr": "test", "action_flag": 3, "change_message": ""}}, {"model": "admin.logentry", "pk": 94, "fields": {"action_time": "2023-07-10T04:06:21.307Z", "user": 1, "content_type": 17, "object_id": "220", "object_repr": "vv", "action_flag": 3, "change_message": ""}}, {"model": "admin.logentry", "pk": 95, "fields": {"action_time": "2023-07-10T04:06:21.308Z", "user": 1, "content_type": 17, "object_id": "219", "object_repr": "vbadfas", "action_flag": 3, "change_message": ""}}, {"model": "admin.logentry", "pk": 96, "fields": {"action_time": "2023-07-10T04:06:21.309Z", "user": 1, "content_type": 17, "object_id": "218", "object_repr": "sdf", "action_flag": 3, "change_message": ""}}, {"model": "admin.logentry", "pk": 97, "fields": {"action_time": "2023-07-10T04:06:21.310Z", "user": 1, "content_type": 17, "object_id": "217", "object_repr": "sdf", "action_flag": 3, "change_message": ""}}, {"model": "admin.logentry", "pk": 98, "fields": {"action_time": "2023-07-10T04:06:21.312Z", "user": 1, "content_type": 17, "object_id": "216", "object_repr": "vew", "action_flag": 3, "change_message": ""}}, {"model": "admin.logentry", "pk": 99, "fields": {"action_time": "2023-07-10T04:06:21.313Z", "user": 1, "content_type": 17, "object_id": "215", "object_repr": "sdf", "action_flag": 3, "change_message": ""}}, {"model": "admin.logentry", "pk": 100, "fields": {"action_time": "2023-07-10T04:06:21.314Z", "user": 1, "content_type": 17, "object_id": "214", "object_repr": "asdf\n\ndd", "action_flag": 3, "change_message": ""}}, {"model": "admin.logentry", "pk": 101, "fields": {"action_time": "2023-07-10T04:06:21.315Z", "user": 1, "content_type": 17, "object_id": "213", "object_repr": "asdf\n\ndd", "action_flag": 3, "change_message": ""}}, {"model": "admin.logentry", "pk": 102, "fields": {"action_time": "2023-07-10T04:06:21.317Z", "user": 1, "content_type": 17, "object_id": "212", "object_repr": "sdfsdv", "action_flag": 3, "change_message": ""}}, {"model": "admin.logentry", "pk": 103, "fields": {"action_time": "2023-07-10T04:06:21.318Z", "user": 1, "content_type": 17, "object_id": "211", "object_repr": "asdfasdf", "action_flag": 3, "change_message": ""}}, {"model": "admin.logentry", "pk": 104, "fields": {"action_time": "2023-07-10T04:06:21.319Z", "user": 1, "content_type": 17, "object_id": "210", "object_repr": "ded", "action_flag": 3, "change_message": ""}}, {"model": "admin.logentry", "pk": 105, "fields": {"action_time": "2023-07-10T04:06:21.320Z", "user": 1, "content_type": 17, "object_id": "209", "object_repr": "de", "action_flag": 3, "change_message": ""}}, {"model": "admin.logentry", "pk": 106, "fields": {"action_time": "2023-07-10T04:06:21.321Z", "user": 1, "content_type": 17, "object_id": "208", "object_repr": "asdfvsdf", "action_flag": 3, "change_message": ""}}, {"model": "admin.logentry", "pk": 107, "fields": {"action_time": "2023-07-10T04:06:21.322Z", "user": 1, "content_type": 17, "object_id": "207", "object_repr": "sed", "action_flag": 3, "change_message": ""}}, {"model": "admin.logentry", "pk": 108, "fields": {"action_time": "2023-07-10T04:06:21.324Z", "user": 1, "content_type": 17, "object_id": "206", "object_repr": "sdfsafsdafasd", "action_flag": 3, "change_message": ""}}, {"model": "admin.logentry", "pk": 109, "fields": {"action_time": "2023-07-10T04:06:21.325Z", "user": 1, "content_type": 17, "object_id": "205", "object_repr": "sdfsdf", "action_flag": 3, "change_message": ""}}, {"model": "admin.logentry", "pk": 110, "fields": {"action_time": "2023-07-10T04:06:21.326Z", "user": 1, "content_type": 17, "object_id": "204", "object_repr": "ss", "action_flag": 3, "change_message": ""}}, {"model": "admin.logentry", "pk": 111, "fields": {"action_time": "2023-07-10T04:06:21.327Z", "user": 1, "content_type": 17, "object_id": "203", "object_repr": "ss", "action_flag": 3, "change_message": ""}}, {"model": "admin.logentry", "pk": 112, "fields": {"action_time": "2023-07-10T04:06:21.329Z", "user": 1, "content_type": 17, "object_id": "202", "object_repr": "ss", "action_flag": 3, "change_message": ""}}, {"model": "admin.logentry", "pk": 113, "fields": {"action_time": "2023-07-10T04:06:21.330Z", "user": 1, "content_type": 17, "object_id": "201", "object_repr": "wow", "action_flag": 3, "change_message": ""}}, {"model": "admin.logentry", "pk": 114, "fields": {"action_time": "2023-07-10T04:06:21.332Z", "user": 1, "content_type": 17, "object_id": "200", "object_repr": "![AadharCopy.png](/backend_media/questions/80b768fa-b236-4e13-83c8-00b6630904f7_Aadhar_Copy.png)](/backend_media/questions/a6295177-fe5b-4076-80dc-60ed2d82b484_Internship_Offer_Letter_-Dhanus_SL_1.pdf", "action_flag": 3, "change_message": ""}}, {"model": "admin.logentry", "pk": 115, "fields": {"action_time": "2023-07-10T04:06:50.298Z", "user": 1, "content_type": 23, "object_id": "39", "object_repr": "sdfsdfa | Python Basics | SUBCODE | Django Basics | CO", "action_flag": 3, "change_message": ""}}, {"model": "admin.logentry", "pk": 116, "fields": {"action_time": "2023-07-10T04:06:50.308Z", "user": 1, "content_type": 23, "object_id": "35", "object_repr": "test | Python Basics | SUBCODE | Django Basics | CO", "action_flag": 3, "change_message": ""}}, {"model": "admin.logentry", "pk": 117, "fields": {"action_time": "2023-07-10T04:06:50.311Z", "user": 1, "content_type": 23, "object_id": "34", "object_repr": "www | Python Basics | SUBCODE | Django Basics | CO", "action_flag": 3, "change_message": ""}}, {"model": "admin.logentry", "pk": 118, "fields": {"action_time": "2023-07-10T04:06:50.312Z", "user": 1, "content_type": 23, "object_id": "1", "object_repr": "TextField | Database Concepts | SUBCODE | Django Basics | CO", "action_flag": 3, "change_message": ""}}, {"model": "admin.logentry", "pk": 119, "fields": {"action_time": "2023-07-10T04:07:03.620Z", "user": 1, "content_type": 17, "object_id": "347", "object_repr": "test question though", "action_flag": 3, "change_message": ""}}, {"model": "admin.logentry", "pk": 120, "fields": {"action_time": "2023-07-10T08:56:08.964Z", "user": 1, "content_type": 22, "object_id": "46", "object_repr": "questions/0b540427-d631-4e60-b351-7ac74e5ab444_Passport_Photo-min.JPG", "action_flag": 3, "change_message": ""}}, {"model": "admin.logentry", "pk": 121, "fields": {"action_time": "2023-07-10T08:56:08.976Z", "user": 1, "content_type": 22, "object_id": "45", "object_repr": "questions/80b768fa-b236-4e13-83c8-00b6630904f7_Aadhar_Copy.png", "action_flag": 3, "change_message": ""}}, {"model": "admin.logentry", "pk": 122, "fields": {"action_time": "2023-07-10T08:56:08.977Z", "user": 1, "content_type": 22, "object_id": "44", "object_repr": "questions/a6295177-fe5b-4076-80dc-60ed2d82b484_Internship_Offer_Letter_-Dhanus_SL_1.pdf", "action_flag": 3, "change_message": ""}}, {"model": "admin.logentry", "pk": 123, "fields": {"action_time": "2023-07-10T08:56:08.978Z", "user": 1, "content_type": 22, "object_id": "11", "object_repr": "questions/fe9d5804-6152-41f9-a5c1-1e2a4287832a_Internship_Offer_Letter_Acceptance_-Dhanus_SL.pdf", "action_flag": 3, "change_message": ""}}, {"model": "admin.logentry", "pk": 124, "fields": {"action_time": "2023-07-10T08:56:08.980Z", "user": 1, "content_type": 22, "object_id": "10", "object_repr": "questions/1f7a266e-bdce-40fe-8501-d21fb9b586af_Dhanus_SL_-_Resume.pdf", "action_flag": 3, "change_message": ""}}, {"model": "admin.logentry", "pk": 125, "fields": {"action_time": "2023-07-10T08:56:08.981Z", "user": 1, "content_type": 22, "object_id": "9", "object_repr": "questions/b91ab702-72b6-404d-87c8-311b3e0bea77_Passport_Photo.JPG", "action_flag": 3, "change_message": ""}}, {"model": "admin.logentry", "pk": 126, "fields": {"action_time": "2023-07-10T08:56:08.982Z", "user": 1, "content_type": 22, "object_id": "8", "object_repr": "questions/5bf341e8-b531-4e41-a1f9-7df3bc635a78_Passport_Photo-min_1_1.jpg", "action_flag": 3, "change_message": ""}}, {"model": "admin.logentry", "pk": 127, "fields": {"action_time": "2023-07-10T08:56:08.984Z", "user": 1, "content_type": 22, "object_id": "7", "object_repr": "questions/25f76b8c-2b2d-4ce7-9370-22c50a385a3b_PANCARD-Dhanus.png", "action_flag": 3, "change_message": ""}}, {"model": "admin.logentry", "pk": 128, "fields": {"action_time": "2023-07-10T08:56:08.985Z", "user": 1, "content_type": 22, "object_id": "6", "object_repr": "questions/199f6178-45d6-447f-bb0b-5b759b181f28_Passport_Photo-min.jpg", "action_flag": 3, "change_message": ""}}, {"model": "admin.logentry", "pk": 129, "fields": {"action_time": "2023-07-10T08:56:08.986Z", "user": 1, "content_type": 22, "object_id": "5", "object_repr": "questions/64d54315-344a-477b-a7bf-614fb23cab1d_Passport_Photo.JPG", "action_flag": 3, "change_message": ""}}, {"model": "admin.logentry", "pk": 130, "fields": {"action_time": "2023-07-10T08:56:08.987Z", "user": 1, "content_type": 22, "object_id": "4", "object_repr": "questions/20805874-4507-4720-9fed-457b48f1995a_Aadhar_Copy.png", "action_flag": 3, "change_message": ""}}, {"model": "admin.logentry", "pk": 131, "fields": {"action_time": "2023-07-10T08:56:08.989Z", "user": 1, "content_type": 22, "object_id": "3", "object_repr": "questions/f7cb7e13-8398-4e9c-bbcd-6e4e04b6303b_Aadhar_Copy.png", "action_flag": 3, "change_message": ""}}, {"model": "admin.logentry", "pk": 132, "fields": {"action_time": "2023-07-10T08:56:08.990Z", "user": 1, "content_type": 22, "object_id": "2", "object_repr": "questions/4af111ea-aee1-4123-953b-9c5830b29dc3_Aadhar_Copy.png", "action_flag": 3, "change_message": ""}}, {"model": "admin.logentry", "pk": 133, "fields": {"action_time": "2023-07-10T08:56:08.991Z", "user": 1, "content_type": 22, "object_id": "1", "object_repr": "questions/131fb042-7cd9-4d6e-8c56-115e45a6a7fa_Passport_Photo-min_1.jpg", "action_flag": 3, "change_message": ""}}, {"model": "admin.logentry", "pk": 134, "fields": {"action_time": "2023-07-10T15:08:46.023Z", "user": 1, "content_type": 9, "object_id": "1", "object_repr": "L1 | Remembering", "action_flag": 2, "change_message": "[{\"changed\": {\"fields\": [\"Name\"]}}]"}}, {"model": "admin.logentry", "pk": 135, "fields": {"action_time": "2023-07-10T15:08:51.603Z", "user": 1, "content_type": 9, "object_id": "2", "object_repr": "L2 | Understanding", "action_flag": 2, "change_message": "[{\"changed\": {\"fields\": [\"Name\"]}}]"}}, {"model": "admin.logentry", "pk": 136, "fields": {"action_time": "2023-07-10T15:08:56.252Z", "user": 1, "content_type": 9, "object_id": "3", "object_repr": "L3 | Applying", "action_flag": 2, "change_message": "[{\"changed\": {\"fields\": [\"Name\"]}}]"}}, {"model": "admin.logentry", "pk": 137, "fields": {"action_time": "2023-07-10T15:09:04.435Z", "user": 1, "content_type": 9, "object_id": "4", "object_repr": "L4 | Analysing", "action_flag": 2, "change_message": "[{\"changed\": {\"fields\": [\"Name\"]}}]"}}, {"model": "admin.logentry", "pk": 138, "fields": {"action_time": "2023-07-10T15:09:10.320Z", "user": 1, "content_type": 9, "object_id": "5", "object_repr": "L5 | Evaluating", "action_flag": 2, "change_message": "[{\"changed\": {\"fields\": [\"Name\"]}}]"}}, {"model": "admin.logentry", "pk": 139, "fields": {"action_time": "2023-07-10T15:09:15.413Z", "user": 1, "content_type": 9, "object_id": "6", "object_repr": "L6 | Creating", "action_flag": 2, "change_message": "[{\"changed\": {\"fields\": [\"Name\"]}}]"}}, {"model": "auth.permission", "pk": 1, "fields": {"name": "Can add log entry", "content_type": 1, "codename": "add_logentry"}}, {"model": "auth.permission", "pk": 2, "fields": {"name": "Can change log entry", "content_type": 1, "codename": "change_logentry"}}, {"model": "auth.permission", "pk": 3, "fields": {"name": "Can delete log entry", "content_type": 1, "codename": "delete_logentry"}}, {"model": "auth.permission", "pk": 4, "fields": {"name": "Can view log entry", "content_type": 1, "codename": "view_logentry"}}, {"model": "auth.permission", "pk": 5, "fields": {"name": "Can add permission", "content_type": 2, "codename": "add_permission"}}, {"model": "auth.permission", "pk": 6, "fields": {"name": "Can change permission", "content_type": 2, "codename": "change_permission"}}, {"model": "auth.permission", "pk": 7, "fields": {"name": "Can delete permission", "content_type": 2, "codename": "delete_permission"}}, {"model": "auth.permission", "pk": 8, "fields": {"name": "Can view permission", "content_type": 2, "codename": "view_permission"}}, {"model": "auth.permission", "pk": 9, "fields": {"name": "Can add group", "content_type": 3, "codename": "add_group"}}, {"model": "auth.permission", "pk": 10, "fields": {"name": "Can change group", "content_type": 3, "codename": "change_group"}}, {"model": "auth.permission", "pk": 11, "fields": {"name": "Can delete group", "content_type": 3, "codename": "delete_group"}}, {"model": "auth.permission", "pk": 12, "fields": {"name": "Can view group", "content_type": 3, "codename": "view_group"}}, {"model": "auth.permission", "pk": 13, "fields": {"name": "Can add content type", "content_type": 4, "codename": "add_contenttype"}}, {"model": "auth.permission", "pk": 14, "fields": {"name": "Can change content type", "content_type": 4, "codename": "change_contenttype"}}, {"model": "auth.permission", "pk": 15, "fields": {"name": "Can delete content type", "content_type": 4, "codename": "delete_contenttype"}}, {"model": "auth.permission", "pk": 16, "fields": {"name": "Can view content type", "content_type": 4, "codename": "view_contenttype"}}, {"model": "auth.permission", "pk": 17, "fields": {"name": "Can add session", "content_type": 5, "codename": "add_session"}}, {"model": "auth.permission", "pk": 18, "fields": {"name": "Can change session", "content_type": 5, "codename": "change_session"}}, {"model": "auth.permission", "pk": 19, "fields": {"name": "Can delete session", "content_type": 5, "codename": "delete_session"}}, {"model": "auth.permission", "pk": 20, "fields": {"name": "Can view session", "content_type": 5, "codename": "view_session"}}, {"model": "auth.permission", "pk": 21, "fields": {"name": "Can add refresh token", "content_type": 6, "codename": "add_refreshtoken"}}, {"model": "auth.permission", "pk": 22, "fields": {"name": "Can change refresh token", "content_type": 6, "codename": "change_refreshtoken"}}, {"model": "auth.permission", "pk": 23, "fields": {"name": "Can delete refresh token", "content_type": 6, "codename": "delete_refreshtoken"}}, {"model": "auth.permission", "pk": 24, "fields": {"name": "Can view refresh token", "content_type": 6, "codename": "view_refreshtoken"}}, {"model": "auth.permission", "pk": 25, "fields": {"name": "Can add user", "content_type": 7, "codename": "add_user"}}, {"model": "auth.permission", "pk": 26, "fields": {"name": "Can change user", "content_type": 7, "codename": "change_user"}}, {"model": "auth.permission", "pk": 27, "fields": {"name": "Can delete user", "content_type": 7, "codename": "delete_user"}}, {"model": "auth.permission", "pk": 28, "fields": {"name": "Can view user", "content_type": 7, "codename": "view_user"}}, {"model": "auth.permission", "pk": 29, "fields": {"name": "Can add new user", "content_type": 8, "codename": "add_newuser"}}, {"model": "auth.permission", "pk": 30, "fields": {"name": "Can change new user", "content_type": 8, "codename": "change_newuser"}}, {"model": "auth.permission", "pk": 31, "fields": {"name": "Can delete new user", "content_type": 8, "codename": "delete_newuser"}}, {"model": "auth.permission", "pk": 32, "fields": {"name": "Can view new user", "content_type": 8, "codename": "view_newuser"}}, {"model": "auth.permission", "pk": 33, "fields": {"name": "Can add blooms taxonomy level", "content_type": 9, "codename": "add_bloomstaxonomylevel"}}, {"model": "auth.permission", "pk": 34, "fields": {"name": "Can change blooms taxonomy level", "content_type": 9, "codename": "change_bloomstaxonomylevel"}}, {"model": "auth.permission", "pk": 35, "fields": {"name": "Can delete blooms taxonomy level", "content_type": 9, "codename": "delete_bloomstaxonomylevel"}}, {"model": "auth.permission", "pk": 36, "fields": {"name": "Can view blooms taxonomy level", "content_type": 9, "codename": "view_bloomstaxonomylevel"}}, {"model": "auth.permission", "pk": 37, "fields": {"name": "Can add degree", "content_type": 10, "codename": "add_degree"}}, {"model": "auth.permission", "pk": 38, "fields": {"name": "Can change degree", "content_type": 10, "codename": "change_degree"}}, {"model": "auth.permission", "pk": 39, "fields": {"name": "Can delete degree", "content_type": 10, "codename": "delete_degree"}}, {"model": "auth.permission", "pk": 40, "fields": {"name": "Can view degree", "content_type": 10, "codename": "view_degree"}}, {"model": "auth.permission", "pk": 41, "fields": {"name": "Can add lesson", "content_type": 11, "codename": "add_lesson"}}, {"model": "auth.permission", "pk": 42, "fields": {"name": "Can change lesson", "content_type": 11, "codename": "change_lesson"}}, {"model": "auth.permission", "pk": 43, "fields": {"name": "Can delete lesson", "content_type": 11, "codename": "delete_lesson"}}, {"model": "auth.permission", "pk": 44, "fields": {"name": "Can view lesson", "content_type": 11, "codename": "view_lesson"}}, {"model": "auth.permission", "pk": 45, "fields": {"name": "Can add mark range", "content_type": 12, "codename": "add_markrange"}}, {"model": "auth.permission", "pk": 46, "fields": {"name": "Can change mark range", "content_type": 12, "codename": "change_markrange"}}, {"model": "auth.permission", "pk": 47, "fields": {"name": "Can delete mark range", "content_type": 12, "codename": "delete_markrange"}}, {"model": "auth.permission", "pk": 48, "fields": {"name": "Can view mark range", "content_type": 12, "codename": "view_markrange"}}, {"model": "auth.permission", "pk": 49, "fields": {"name": "Can add previous years qp", "content_type": 13, "codename": "add_previousyearsqp"}}, {"model": "auth.permission", "pk": 50, "fields": {"name": "Can change previous years qp", "content_type": 13, "codename": "change_previousyearsqp"}}, {"model": "auth.permission", "pk": 51, "fields": {"name": "Can delete previous years qp", "content_type": 13, "codename": "delete_previousyearsqp"}}, {"model": "auth.permission", "pk": 52, "fields": {"name": "Can view previous years qp", "content_type": 13, "codename": "view_previousyearsqp"}}, {"model": "auth.permission", "pk": 53, "fields": {"name": "Can add programme", "content_type": 14, "codename": "add_programme"}}, {"model": "auth.permission", "pk": 54, "fields": {"name": "Can change programme", "content_type": 14, "codename": "change_programme"}}, {"model": "auth.permission", "pk": 55, "fields": {"name": "Can delete programme", "content_type": 14, "codename": "delete_programme"}}, {"model": "auth.permission", "pk": 56, "fields": {"name": "Can view programme", "content_type": 14, "codename": "view_programme"}}, {"model": "auth.permission", "pk": 57, "fields": {"name": "Can add regulation", "content_type": 15, "codename": "add_regulation"}}, {"model": "auth.permission", "pk": 58, "fields": {"name": "Can change regulation", "content_type": 15, "codename": "change_regulation"}}, {"model": "auth.permission", "pk": 59, "fields": {"name": "Can delete regulation", "content_type": 15, "codename": "delete_regulation"}}, {"model": "auth.permission", "pk": 60, "fields": {"name": "Can view regulation", "content_type": 15, "codename": "view_regulation"}}, {"model": "auth.permission", "pk": 61, "fields": {"name": "Can add subject", "content_type": 16, "codename": "add_subject"}}, {"model": "auth.permission", "pk": 62, "fields": {"name": "Can change subject", "content_type": 16, "codename": "change_subject"}}, {"model": "auth.permission", "pk": 63, "fields": {"name": "Can delete subject", "content_type": 16, "codename": "delete_subject"}}, {"model": "auth.permission", "pk": 64, "fields": {"name": "Can view subject", "content_type": 16, "codename": "view_subject"}}, {"model": "auth.permission", "pk": 65, "fields": {"name": "Can add question", "content_type": 17, "codename": "add_question"}}, {"model": "auth.permission", "pk": 66, "fields": {"name": "Can change question", "content_type": 17, "codename": "change_question"}}, {"model": "auth.permission", "pk": 67, "fields": {"name": "Can delete question", "content_type": 17, "codename": "delete_question"}}, {"model": "auth.permission", "pk": 68, "fields": {"name": "Can view question", "content_type": 17, "codename": "view_question"}}, {"model": "auth.permission", "pk": 69, "fields": {"name": "Can add department", "content_type": 18, "codename": "add_department"}}, {"model": "auth.permission", "pk": 70, "fields": {"name": "Can change department", "content_type": 18, "codename": "change_department"}}, {"model": "auth.permission", "pk": 71, "fields": {"name": "Can delete department", "content_type": 18, "codename": "delete_department"}}, {"model": "auth.permission", "pk": 72, "fields": {"name": "Can view department", "content_type": 18, "codename": "view_department"}}, {"model": "auth.permission", "pk": 73, "fields": {"name": "Can add course", "content_type": 19, "codename": "add_course"}}, {"model": "auth.permission", "pk": 74, "fields": {"name": "Can change course", "content_type": 19, "codename": "change_course"}}, {"model": "auth.permission", "pk": 75, "fields": {"name": "Can delete course", "content_type": 19, "codename": "delete_course"}}, {"model": "auth.permission", "pk": 76, "fields": {"name": "Can view course", "content_type": 19, "codename": "view_course"}}, {"model": "auth.permission", "pk": 77, "fields": {"name": "Can add syllabus", "content_type": 20, "codename": "add_syllabus"}}, {"model": "auth.permission", "pk": 78, "fields": {"name": "Can change syllabus", "content_type": 20, "codename": "change_syllabus"}}, {"model": "auth.permission", "pk": 79, "fields": {"name": "Can delete syllabus", "content_type": 20, "codename": "delete_syllabus"}}, {"model": "auth.permission", "pk": 80, "fields": {"name": "Can view syllabus", "content_type": 20, "codename": "view_syllabus"}}, {"model": "auth.permission", "pk": 81, "fields": {"name": "Can add faculties handling", "content_type": 21, "codename": "add_facultieshandling"}}, {"model": "auth.permission", "pk": 82, "fields": {"name": "Can change faculties handling", "content_type": 21, "codename": "change_facultieshandling"}}, {"model": "auth.permission", "pk": 83, "fields": {"name": "Can delete faculties handling", "content_type": 21, "codename": "delete_facultieshandling"}}, {"model": "auth.permission", "pk": 84, "fields": {"name": "Can view faculties handling", "content_type": 21, "codename": "view_facultieshandling"}}, {"model": "auth.permission", "pk": 85, "fields": {"name": "Can add image", "content_type": 22, "codename": "add_image"}}, {"model": "auth.permission", "pk": 86, "fields": {"name": "Can change image", "content_type": 22, "codename": "change_image"}}, {"model": "auth.permission", "pk": 87, "fields": {"name": "Can delete image", "content_type": 22, "codename": "delete_image"}}, {"model": "auth.permission", "pk": 88, "fields": {"name": "Can view image", "content_type": 22, "codename": "view_image"}}, {"model": "auth.permission", "pk": 89, "fields": {"name": "Can add topic", "content_type": 23, "codename": "add_topic"}}, {"model": "auth.permission", "pk": 90, "fields": {"name": "Can change topic", "content_type": 23, "codename": "change_topic"}}, {"model": "auth.permission", "pk": 91, "fields": {"name": "Can delete topic", "content_type": 23, "codename": "delete_topic"}}, {"model": "auth.permission", "pk": 92, "fields": {"name": "Can view topic", "content_type": 23, "codename": "view_topic"}}, {"model": "auth.permission", "pk": 93, "fields": {"name": "Can add create syllabus", "content_type": 24, "codename": "add_createsyllabus"}}, {"model": "auth.permission", "pk": 94, "fields": {"name": "Can change create syllabus", "content_type": 24, "codename": "change_createsyllabus"}}, {"model": "auth.permission", "pk": 95, "fields": {"name": "Can delete create syllabus", "content_type": 24, "codename": "delete_createsyllabus"}}, {"model": "auth.permission", "pk": 96, "fields": {"name": "Can view create syllabus", "content_type": 24, "codename": "view_createsyllabus"}}, {"model": "auth.permission", "pk": 97, "fields": {"name": "Can add generated questions json", "content_type": 25, "codename": "add_generatedquestionsjson"}}, {"model": "auth.permission", "pk": 98, "fields": {"name": "Can change generated questions json", "content_type": 25, "codename": "change_generatedquestionsjson"}}, {"model": "auth.permission", "pk": 99, "fields": {"name": "Can delete generated questions json", "content_type": 25, "codename": "delete_generatedquestionsjson"}}, {"model": "auth.permission", "pk": 100, "fields": {"name": "Can view generated questions json", "content_type": 25, "codename": "view_generatedquestionsjson"}}, {"model": "auth.permission", "pk": 101, "fields": {"name": "Can add coe", "content_type": 26, "codename": "add_coe"}}, {"model": "auth.permission", "pk": 102, "fields": {"name": "Can change coe", "content_type": 26, "codename": "change_coe"}}, {"model": "auth.permission", "pk": 103, "fields": {"name": "Can delete coe", "content_type": 26, "codename": "delete_coe"}}, {"model": "auth.permission", "pk": 104, "fields": {"name": "Can view coe", "content_type": 26, "codename": "view_coe"}}, {"model": "contenttypes.contenttype", "pk": 1, "fields": {"app_label": "admin", "model": "logentry"}}, {"model": "contenttypes.contenttype", "pk": 2, "fields": {"app_label": "auth", "model": "permission"}}, {"model": "contenttypes.contenttype", "pk": 3, "fields": {"app_label": "auth", "model": "group"}}, {"model": "contenttypes.contenttype", "pk": 4, "fields": {"app_label": "contenttypes", "model": "contenttype"}}, {"model": "contenttypes.contenttype", "pk": 5, "fields": {"app_label": "sessions", "model": "session"}}, {"model": "contenttypes.contenttype", "pk": 6, "fields": {"app_label": "refresh_token", "model": "refreshtoken"}}, {"model": "contenttypes.contenttype", "pk": 7, "fields": {"app_label": "users", "model": "user"}}, {"model": "contenttypes.contenttype", "pk": 8, "fields": {"app_label": "users", "model": "newuser"}}, {"model": "contenttypes.contenttype", "pk": 9, "fields": {"app_label": "questions", "model": "bloomstaxonomylevel"}}, {"model": "contenttypes.contenttype", "pk": 10, "fields": {"app_label": "questions", "model": "degree"}}, {"model": "contenttypes.contenttype", "pk": 11, "fields": {"app_label": "questions", "model": "lesson"}}, {"model": "contenttypes.contenttype", "pk": 12, "fields": {"app_label": "questions", "model": "markrange"}}, {"model": "contenttypes.contenttype", "pk": 13, "fields": {"app_label": "questions", "model": "previousyearsqp"}}, {"model": "contenttypes.contenttype", "pk": 14, "fields": {"app_label": "questions", "model": "programme"}}, {"model": "contenttypes.contenttype", "pk": 15, "fields": {"app_label": "questions", "model": "regulation"}}, {"model": "contenttypes.contenttype", "pk": 16, "fields": {"app_label": "questions", "model": "subject"}}, {"model": "contenttypes.contenttype", "pk": 17, "fields": {"app_label": "questions", "model": "question"}}, {"model": "contenttypes.contenttype", "pk": 18, "fields": {"app_label": "questions", "model": "department"}}, {"model": "contenttypes.contenttype", "pk": 19, "fields": {"app_label": "questions", "model": "course"}}, {"model": "contenttypes.contenttype", "pk": 20, "fields": {"app_label": "questions", "model": "syllabus"}}, {"model": "contenttypes.contenttype", "pk": 21, "fields": {"app_label": "questions", "model": "facultieshandling"}}, {"model": "contenttypes.contenttype", "pk": 22, "fields": {"app_label": "questions", "model": "image"}}, {"model": "contenttypes.contenttype", "pk": 23, "fields": {"app_label": "questions", "model": "topic"}}, {"model": "contenttypes.contenttype", "pk": 24, "fields": {"app_label": "questions", "model": "createsyllabus"}}, {"model": "contenttypes.contenttype", "pk": 25, "fields": {"app_label": "questions", "model": "generatedquestionsjson"}}, {"model": "contenttypes.contenttype", "pk": 26, "fields": {"app_label": "coe", "model": "coe"}}, {"model": "sessions.session", "pk": "5n6iff0nci9r85b5y6u59kwsc08hjwsb", "fields": {"session_data": ".eJxVjDsOwjAQBe_iGln-LbEp6XMGa3dt4wBypDipEHeHSCmgfTPzXiLitta49bzEKYmL0OL0uxHyI7cdpDu22yx5busykdwVedAuxznl5_Vw_w4q9vqtIWTOAMZ7BiRXPNsQhmINg2ai7AHOrJVTRQUeignFeWspYNEOGIx4fwDm4je4:1qIUHJ:GUyUlJP0zRwiA4g-rtXRTKK7qXPlAo4xWcWJ3nB5iRo", "expire_date": "2023-07-23T13:16:41.893Z"}}, {"model": "sessions.session", "pk": "5ra2vvw8sufhgg7c3cz22zrnp0o7i0kj", "fields": {"session_data": ".eJxVjDsOwjAQBe_iGln-LbEp6XMGa3dt4wBypDipEHeHSCmgfTPzXiLitta49bzEKYmL0OL0uxHyI7cdpDu22yx5busykdwVedAuxznl5_Vw_w4q9vqtIWTOAMZ7BiRXPNsQhmINg2ai7AHOrJVTRQUeignFeWspYNEOGIx4fwDm4je4:1qG1rH:zlq3yl6uMzA-vr84-1aMt9fBspMQHbxLEX8y27h6N-I", "expire_date": "2023-07-16T18:31:39.535Z"}}, {"model": "sessions.session", "pk": "5v9uyuxtqtxaebwz77z53hwczs4nxqd4", "fields": {"session_data": ".eJxVjDsOwjAQBe_iGln-LbEp6XMGa3dt4wBypDipEHeHSCmgfTPzXiLitta49bzEKYmL0OL0uxHyI7cdpDu22yx5busykdwVedAuxznl5_Vw_w4q9vqtIWTOAMZ7BiRXPNsQhmINg2ai7AHOrJVTRQUeignFeWspYNEOGIx4fwDm4je4:1qIi9c:oynWZNBvbZKLzbrcPB3RVqDzHbfqcac0cTx8CMqcGYA", "expire_date": "2023-07-24T04:05:40.055Z"}}, {"model": "sessions.session", "pk": "c3a4u20x9ntbzrehn946feg21ywly36f", "fields": {"session_data": ".eJxVjDsOwjAQBe_iGln-LbEp6XMGa3dt4wBypDipEHeHSCmgfTPzXiLitta49bzEKYmL0OL0uxHyI7cdpDu22yx5busykdwVedAuxznl5_Vw_w4q9vqtIWTOAMZ7BiRXPNsQhmINg2ai7AHOrJVTRQUeignFeWspYNEOGIx4fwDm4je4:1q51wu:aoMJkmkm7i1eKr4akxEjBFae8EdAjKqA6V8WtntBfss", "expire_date": "2023-06-16T10:24:00.638Z"}}, {"model": "sessions.session", "pk": "e2frcn098vkezg3tq82agmwl25z0fwd7", "fields": {"session_data": ".eJxVjDsOwjAQBe_iGln-LbEp6XMGa3dt4wBypDipEHeHSCmgfTPzXiLitta49bzEKYmL0OL0uxHyI7cdpDu22yx5busykdwVedAuxznl5_Vw_w4q9vqtIWTOAMZ7BiRXPNsQhmINg2ai7AHOrJVTRQUeignFeWspYNEOGIx4fwDm4je4:1qG0lp:bEJ3lrvpIaFzlIdXfrc20CnsthfnxxhkLWUPIfcQm20", "expire_date": "2023-07-16T17:21:57.159Z"}}, {"model": "sessions.session", "pk": "nkt27wao5ciycxxqka34t3gc7qf4kbrh", "fields": {"session_data": ".eJxVjDsOwjAQBe_iGln-LbEp6XMGa3dt4wBypDipEHeHSCmgfTPzXiLitta49bzEKYmL0OL0uxHyI7cdpDu22yx5busykdwVedAuxznl5_Vw_w4q9vqtIWTOAMZ7BiRXPNsQhmINg2ai7AHOrJVTRQUeignFeWspYNEOGIx4fwDm4je4:1qHRIi:8bk28Gtk0vlj3zBgurt2uG0dSlYhdCUtZUxRWpaWf5o", "expire_date": "2023-07-20T15:53:48.877Z"}}, {"model": "sessions.session", "pk": "vf33swp78azrspk6w16st1ibk05erc5p", "fields": {"session_data": ".eJxVjDsOwjAQBe_iGln-LbEp6XMGa3dt4wBypDipEHeHSCmgfTPzXiLitta49bzEKYmL0OL0uxHyI7cdpDu22yx5busykdwVedAuxznl5_Vw_w4q9vqtIWTOAMZ7BiRXPNsQhmINg2ai7AHOrJVTRQUeignFeWspYNEOGIx4fwDm4je4:1qHkVG:oPgRSvEO3wUW1fWk7eWRPRPIh0fPJF1__YWx9x5uWqo", "expire_date": "2023-07-21T12:24:02.258Z"}}, {"model": "refresh_token.refreshtoken", "pk": 1, "fields": {"user": 1, "token": "b6ad8984aba7c6614b3cd9929793cbdfceb873f1", "created": "2023-06-02T10:22:01.180Z", "revoked": null}}, {"model": "refresh_token.refreshtoken", "pk": 2, "fields": {"user": 1, "token": "02e8f6091321cab7f6cf120c6c0f3ef110808010", "created": "2023-06-02T10:37:10.827Z", "revoked": null}}, {"model": "refresh_token.refreshtoken", "pk": 3, "fields": {"user": 1, "token": "63401be3d4e84478724adaab1217c9fcc9c00c09", "created": "2023-06-02T10:38:38.982Z", "revoked": null}}, {"model": "refresh_token.refreshtoken", "pk": 4, "fields": {"user": 1, "token": "2b82f640be040a3045b2f21a2888e89278012c44", "created": "2023-06-05T13:42:40.755Z", "revoked": null}}, {"model": "refresh_token.refreshtoken", "pk": 5, "fields": {"user": 1, "token": "b600d18e0decf5e31b80f28d4ad54f76cf365786", "created": "2023-06-05T13:43:34.598Z", "revoked": null}}, {"model": "refresh_token.refreshtoken", "pk": 6, "fields": {"user": 1, "token": "a5ca8d3e7c6d6b3ab33f2b0898709e5a351f2999", "created": "2023-06-09T12:37:34.450Z", "revoked": null}}, {"model": "refresh_token.refreshtoken", "pk": 7, "fields": {"user": 1, "token": "841e2e4e97a3f82ce49eaaccb9bff39e8e7cb128", "created": "2023-07-02T18:02:00.125Z", "revoked": null}}, {"model": "refresh_token.refreshtoken", "pk": 8, "fields": {"user": 1, "token": "49a01c7c70327b2acd1809e994b28968cf5a6610", "created": "2023-07-02T18:12:18.743Z", "revoked": null}}, {"model": "refresh_token.refreshtoken", "pk": 9, "fields": {"user": 1, "token": "7501506c93703672a5eec62e966a1a9bd5a35f37", "created": "2023-07-05T03:49:39.258Z", "revoked": null}}, {"model": "refresh_token.refreshtoken", "pk": 10, "fields": {"user": 1, "token": "39f8de855617477ad08a8d586f73e599b959a281", "created": "2023-07-05T03:51:09.233Z", "revoked": null}}, {"model": "refresh_token.refreshtoken", "pk": 11, "fields": {"user": 1, "token": "1c1973788b89d5e9059eed907c6a009b4fe24e4e", "created": "2023-07-05T07:14:23.589Z", "revoked": null}}, {"model": "refresh_token.refreshtoken", "pk": 44, "fields": {"user": 1, "token": "42bec5445b193d19b89d43efee20652ca7a6f972", "created": "2023-07-05T07:16:12.501Z", "revoked": null}}, {"model": "refresh_token.refreshtoken", "pk": 45, "fields": {"user": 1, "token": "27458bfd6b4186eed89a7247ac25721ac8a35f74", "created": "2023-07-06T15:24:00.063Z", "revoked": null}}, {"model": "refresh_token.refreshtoken", "pk": 46, "fields": {"user": 1, "token": "2035e5b176dd74a7b6d8f35fdb37471c4453b27c", "created": "2023-07-06T16:13:18.300Z", "revoked": null}}, {"model": "refresh_token.refreshtoken", "pk": 47, "fields": {"user": 1, "token": "dd9d9bd242d6e465fc683da7a4c952ccd030982e", "created": "2023-07-06T18:55:31.558Z", "revoked": null}}, {"model": "refresh_token.refreshtoken", "pk": 48, "fields": {"user": 1, "token": "26426db5e2688c4adcdff003df25ddf3ef28f26b", "created": "2023-07-06T18:58:33.558Z", "revoked": null}}, {"model": "refresh_token.refreshtoken", "pk": 49, "fields": {"user": 1, "token": "6f1c30da703737cda9a3fe97bb2083009736b0ea", "created": "2023-07-06T18:58:53.746Z", "revoked": null}}, {"model": "refresh_token.refreshtoken", "pk": 50, "fields": {"user": 1, "token": "8b882be7f57a7ee576c403d9d60a81866528ca81", "created": "2023-07-06T18:58:54.286Z", "revoked": null}}, {"model": "refresh_token.refreshtoken", "pk": 51, "fields": {"user": 1, "token": "010a955235f53bd93853e19b6f9a4c801c445631", "created": "2023-07-07T07:33:07.449Z", "revoked": null}}, {"model": "refresh_token.refreshtoken", "pk": 52, "fields": {"user": 1, "token": "e7827b4b2855b73d11a3ecc9b0599d5161832c0b", "created": "2023-07-09T13:22:40.165Z", "revoked": null}}, {"model": "refresh_token.refreshtoken", "pk": 53, "fields": {"user": 1, "token": "c014b671736a431f1e170daee381093a211c1baa", "created": "2023-07-09T13:37:10.924Z", "revoked": null}}, {"model": "refresh_token.refreshtoken", "pk": 54, "fields": {"user": 2, "token": "ea127036c6fcc23389fadeec5f886e151c26abbd", "created": "2023-07-09T13:50:34.795Z", "revoked": null}}, {"model": "refresh_token.refreshtoken", "pk": 55, "fields": {"user": 1, "token": "5ef2cc07af7cd4edf204ae610d998a6067d8eebf", "created": "2023-07-09T14:49:24.084Z", "revoked": null}}, {"model": "refresh_token.refreshtoken", "pk": 56, "fields": {"user": 1, "token": "c8485b669a066b126881eec55b60661114113099", "created": "2023-07-10T04:07:44.507Z", "revoked": null}}, {"model": "refresh_token.refreshtoken", "pk": 57, "fields": {"user": 1, "token": "19ba0ba6c520b323916f658a56be996ca43a7fa1", "created": "2023-07-10T04:18:19.946Z", "revoked": null}}, {"model": "refresh_token.refreshtoken", "pk": 58, "fields": {"user": 1, "token": "89131016ef44b3e2efcca282bb04c3c7b55c9ef3", "created": "2023-07-10T08:36:18.524Z", "revoked": null}}, {"model": "refresh_token.refreshtoken", "pk": 59, "fields": {"user": 1, "token": "70afb473dd57a5e32ccec75ed555866c5b193940", "created": "2023-07-10T12:12:40.846Z", "revoked": null}}, {"model": "refresh_token.refreshtoken", "pk": 60, "fields": {"user": 1, "token": "c98cd827910c77815c44db3baf6bb8dc52216081", "created": "2023-07-11T05:41:35.324Z", "revoked": null}}, {"model": "refresh_token.refreshtoken", "pk": 61, "fields": {"user": 1, "token": "64f18eea4e8516102ef8115582a43ed1d006c8f4", "created": "2023-07-11T07:03:18.327Z", "revoked": null}}, {"model": "refresh_token.refreshtoken", "pk": 62, "fields": {"user": 1, "token": "5aa619214962160a61cdcee3701d9774a9fa8fed", "created": "2023-07-11T07:05:41.285Z", "revoked": null}}, {"model": "users.user", "pk": 1, "fields": {"password": "pbkdf2_sha256$390000$TDW6E5gGpVHohkaYORKScB$DdX6vDSO9m5vAIf9w9dcsY5pwBbpvZwFVE9jpJsXXJA=", "last_login": "2023-07-10T04:05:40.049Z", "is_superuser": true, "first_name": "", "last_name": "", "is_staff": true, "is_active": true, "date_joined": "2023-06-02T10:21:46.045Z", "email": "admin@admin.com", "groups": [], "user_permissions": []}}, {"model": "users.user", "pk": 2, "fields": {"password": "pbkdf2_sha256$390000$SVFZPAuC3YYeZ7rXYCfdMx$AEnXQLGRbVuqlkYrw3ynJZ3kb0s8/8Klrdxb/AtNXXc=", "last_login": null, "is_superuser": false, "first_name": "Dhanus", "last_name": "SL", "is_staff": false, "is_active": true, "date_joined": "2023-07-09T13:50:23.058Z", "email": "dhanussl.it2021@citchennai.net", "groups": [], "user_permissions": []}}, {"model": "users.newuser", "pk": 1, "fields": {"created_at": "2023-07-02T18:29:32.801Z", "updated_at": "2023-07-02T18:38:53.299Z", "first_name": "Rahul", "last_name": "Sir", "email": "rahul@citchennai.net", "password": "pbkdf2_sha256$390000$VXTlOWpTxX3O1V0R4UbP2H$5VwqdvMup/KgdySfvSAP/6tob/S3bkTvJrN2ihPzeFU=", "email_verified": false, "email_secret": "bbaf76f0e1014505b507f6f1541280", "approved": false}}, {"model": "questions.bloomstaxonomylevel", "pk": 1, "fields": {"name": "L1", "description": "Remembering"}}, {"model": "questions.bloomstaxonomylevel", "pk": 2, "fields": {"name": "L2", "description": "Understanding"}}, {"model": "questions.bloomstaxonomylevel", "pk": 3, "fields": {"name": "L3", "description": "Applying"}}, {"model": "questions.bloomstaxonomylevel", "pk": 4, "fields": {"name": "L4", "description": "Analysing"}}, {"model": "questions.bloomstaxonomylevel", "pk": 5, "fields": {"name": "L5", "description": "Evaluating"}}, {"model": "questions.bloomstaxonomylevel", "pk": 6, "fields": {"name": "L6", "description": "Creating"}}, {"model": "questions.previousyearsqp", "pk": 1, "fields": {"month": "A/M", "year": 2016}}, {"model": "questions.previousyearsqp", "pk": 2, "fields": {"month": "N/D", "year": 2016}}, {"model": "questions.previousyearsqp", "pk": 3, "fields": {"month": "A/M", "year": 2017}}, {"model": "questions.previousyearsqp", "pk": 4, "fields": {"month": "N/D", "year": 2017}}, {"model": "questions.previousyearsqp", "pk": 5, "fields": {"month": "A/M", "year": 2018}}, {"model": "questions.previousyearsqp", "pk": 6, "fields": {"month": "N/D", "year": 2018}}, {"model": "questions.previousyearsqp", "pk": 7, "fields": {"month": "A/M", "year": 2019}}, {"model": "questions.previousyearsqp", "pk": 8, "fields": {"month": "N/D", "year": 2019}}, {"model": "questions.previousyearsqp", "pk": 9, "fields": {"month": "A/M", "year": 2020}}, {"model": "questions.previousyearsqp", "pk": 10, "fields": {"month": "N/D", "year": 2020}}, {"model": "questions.previousyearsqp", "pk": 11, "fields": {"month": "A/M", "year": 2021}}, {"model": "questions.previousyearsqp", "pk": 12, "fields": {"month": "N/D", "year": 2021}}, {"model": "questions.previousyearsqp", "pk": 13, "fields": {"month": "A/M", "year": 2022}}, {"model": "questions.previousyearsqp", "pk": 14, "fields": {"month": "N/D", "year": 2022}}, {"model": "questions.programme", "pk": 1, "fields": {"name": "UG"}}, {"model": "questions.programme", "pk": 2, "fields": {"name": "PG"}}, {"model": "questions.degree", "pk": 1, "fields": {"name": "BE", "full_form": "Bachelor of Engineering"}}, {"model": "questions.degree", "pk": 2, "fields": {"name": "BTECH", "full_form": "Bachelor of Technology"}}, {"model": "questions.regulation", "pk": 1, "fields": {"year": 2017}}, {"model": "questions.regulation", "pk": 2, "fields": {"year": 2021}}, {"model": "questions.department", "pk": 1, "fields": {"programme": 1, "degree": 1, "branch": "Computer Science Engineering", "branch_code": "CSE", "hod": null}}, {"model": "questions.subject", "pk": 1, "fields": {"code": "SUBCODE", "subject_name": "Django Basics", "co": "CO"}}, {"model": "questions.subject", "pk": 2, "fields": {"code": "DS", "subject_name": "Data Structures", "co": "CO123"}}, {"model": "questions.lesson", "pk": 1, "fields": {"name": "Python Basics", "subject": 1, "objective": "Basics of python", "outcome": "Basics of python", "outcome_btl": [2]}}, {"model": "questions.lesson", "pk": 2, "fields": {"name": "Database Concepts", "subject": 1, "objective": "Understaing Databases", "outcome": "Understaing Databases", "outcome_btl": [4]}}, {"model": "questions.lesson", "pk": 3, "fields": {"name": "Django Models", "subject": 1, "objective": "Working with models in django", "outcome": "Working with models in django", "outcome_btl": [3]}}, {"model": "questions.lesson", "pk": 4, "fields": {"name": "Django Views", "subject": 1, "objective": "Working with Views in django", "outcome": "Working with Views in django", "outcome_btl": [5]}}, {"model": "questions.lesson", "pk": 5, "fields": {"name": "Django Templates", "subject": 1, "objective": "Working with Templates in django", "outcome": "Working with Templates in django", "outcome_btl": [4]}}, {"model": "questions.lesson", "pk": 6, "fields": {"name": "Array", "subject": 2, "objective": "array", "outcome": "array", "outcome_btl": [2]}}, {"model": "questions.lesson", "pk": 7, "fields": {"name": "Linked List", "subject": 2, "objective": "Linked List", "outcome": "Linked List", "outcome_btl": [3]}}, {"model": "questions.lesson", "pk": 8, "fields": {"name": "Stack", "subject": 2, "objective": "Stack", "outcome": "Stack", "outcome_btl": [5]}}, {"model": "questions.topic", "pk": 82, "fields": {"name": "Linked LIst", "lesson": 1, "active": false}}, {"model": "questions.topic", "pk": 83, "fields": {"name": "wow", "lesson": 1, "active": true}}, {"model": "questions.topic", "pk": 84, "fields": {"name": "linked list", "lesson": 1, "active": true}}, {"model": "questions.topic", "pk": 85, "fields": {"name": "wows", "lesson": 1, "active": true}}, {"model": "questions.topic", "pk": 90, "fields": {"name": "Linked List", "lesson": 1, "active": true}}, {"model": "questions.course", "pk": 1, "fields": {"regulation": 2, "semester": 5, "department": 1, "active": true}}, {"model": "questions.syllabus", "pk": 1, "fields": {"course": 1, "unit": 1, "lesson": 1}}, {"model": "questions.syllabus", "pk": 2, "fields": {"course": 1, "unit": 2, "lesson": 2}}, {"model": "questions.syllabus", "pk": 3, "fields": {"course": 1, "unit": 3, "lesson": 3}}, {"model": "questions.syllabus", "pk": 4, "fields": {"course": 1, "unit": 4, "lesson": 4}}, {"model": "questions.syllabus", "pk": 5, "fields": {"course": 1, "unit": 5, "lesson": 5}}, {"model": "questions.syllabus", "pk": 6, "fields": {"course": 1, "unit": 1, "lesson": 6}}, {"model": "questions.syllabus", "pk": 7, "fields": {"course": 1, "unit": 2, "lesson": 7}}, {"model": "questions.syllabus", "pk": 8, "fields": {"course": 1, "unit": 3, "lesson": 8}}, {"model": "questions.markrange", "pk": 1, "fields": {"start": 2, "end": 2}}, {"model": "questions.markrange", "pk": 2, "fields": {"start": 3, "end": 4}}, {"model": "questions.markrange", "pk": 3, "fields": {"start": 5, "end": 7}}, {"model": "questions.markrange", "pk": 4, "fields": {"start": 8, "end": 9}}, {"model": "questions.markrange", "pk": 5, "fields": {"start": 10, "end": 11}}, {"model": "questions.markrange", "pk": 6, "fields": {"start": 12, "end": 13}}, {"model": "questions.markrange", "pk": 7, "fields": {"start": 14, "end": 14}}, {"model": "questions.markrange", "pk": 8, "fields": {"start": 15, "end": 16}}, {"model": "questions.facultieshandling", "pk": 1, "fields": {"course": 1, "subject": 1, "faculties": [2, 1]}}, {"model": "questions.question", "pk": 1, "fields": {"created_at": "2023-06-02T10:30:23.847Z", "updated_at": "2023-06-02T10:30:23.847Z", "lesson": 1, "question": "(Python Basics) = 15 - 16 -- One think medical buy hundred such production or who point evening painting month mind big same turn item student business.", "answer": "Skin feel choose rest significant trial hand television chance particularly number large most above send western vote sport already attorney yard ball however political also pattern prove crime that chance on break watch memory interesting use thus smile determine man decide significant specific police cost day rock stay likely fly authority usually prepare door live election close professor deep direction able recently money.", "mark": 8, "start_mark": 15, "end_mark": 16, "btl": 5, "difficulty": "H", "created_by": 1, "priority": 0, "scenario_based": false, "topics": [], "previous_years": []}}, {"model": "questions.question", "pk": 2, "fields": {"created_at": "2023-06-02T10:30:23.858Z", "updated_at": "2023-06-02T10:30:23.858Z", "lesson": 5, "question": "(Django Templates) = 10 - 11 -- My number hour billion social agency learn somebody fast own dream series garden skill whether idea often movie.", "answer": "Rule girl suddenly professor get rate green analysis reason view unit raise father situation personal wide light to near nature evening back vote cut animal civil middle news win image room improve where foreign admit television wish school billion.", "mark": 5, "start_mark": 10, "end_mark": 11, "btl": 3, "difficulty": "M", "created_by": 1, "priority": 0, "scenario_based": false, "topics": [], "previous_years": []}}, {"model": "questions.question", "pk": 3, "fields": {"created_at": "2023-06-02T10:30:23.860Z", "updated_at": "2023-06-02T10:30:23.860Z", "lesson": 2, "question": "(Database Concepts) = 5 - 7 -- Our beautiful put especially knowledge health magazine quality involve door guess approach security truth consumer standard number sign their model worry tough buy size rather station.", "answer": "Say work certainly tree computer none across at against partner buy defense it use yet idea sell trouble probably health worker gas senior style situation support story often general local other than second beyond method rich explain art area rule face indeed radio general stuff smile read pretty none professor clear bill assume determine research book president his from game into.", "mark": 3, "start_mark": 5, "end_mark": 7, "btl": 2, "difficulty": "H", "created_by": 1, "priority": 0, "scenario_based": false, "topics": [], "previous_years": []}}, {"model": "questions.question", "pk": 4, "fields": {"created_at": "2023-06-02T10:30:23.862Z", "updated_at": "2023-06-02T10:30:23.862Z", "lesson": 3, "question": "(Django Models) = 5 - 7 -- Event each then never stand likely hold seem small treatment husband child alone citizen development recently word include collection three time weight move key ago.", "answer": "Book movement place science drug whose hour simply dark cup management year for trouble question decision pass try they size well mean minute still realize heavy material defense score paper economy street conference quality outside animal among eat spend anything east stand leg agency in.", "mark": 3, "start_mark": 5, "end_mark": 7, "btl": 3, "difficulty": "H", "created_by": 1, "priority": 0, "scenario_based": false, "topics": [], "previous_years": []}}, {"model": "questions.question", "pk": 5, "fields": {"created_at": "2023-06-02T10:30:23.864Z", "updated_at": "2023-06-02T10:30:23.864Z", "lesson": 1, "question": "(Python Basics) = 5 - 7 -- Car along edge range control bad reach budget national floor live eat case fact officer short describe determine by very upon discover drop decision protect individual billion.", "answer": "Human could half remember thought way toward weight I lawyer identify heart instead life hear inside light truth performance yeah establish field model protect pass along too five become education bank loss would side PM feeling simply me specific why game right every happen data movie project red authority happy seem across good majority direction project red near treatment activity support.", "mark": 3, "start_mark": 5, "end_mark": 7, "btl": 6, "difficulty": "E", "created_by": 1, "priority": 0, "scenario_based": false, "topics": [], "previous_years": []}}, {"model": "questions.question", "pk": 6, "fields": {"created_at": "2023-06-02T10:30:23.866Z", "updated_at": "2023-06-02T10:30:23.866Z", "lesson": 4, "question": "(Django Views) = 10 - 11 -- Sure whatever fine expert tax might hundred read offer face mother wide ten team cultural.", "answer": "Reach somebody expert research it show see north become family protect positive model learn television owner hold operation treatment early mission hospital thought experience total response because night north off population tax parent within not who lose network sit rich remember middle build many either standard history believe ten fish other audience agree special science production good onto vote in.", "mark": 5, "start_mark": 10, "end_mark": 11, "btl": 4, "difficulty": "H", "created_by": 1, "priority": 0, "scenario_based": false, "topics": [], "previous_years": []}}, {"model": "questions.question", "pk": 7, "fields": {"created_at": "2023-06-02T10:30:23.868Z", "updated_at": "2023-06-02T10:30:23.869Z", "lesson": 4, "question": "(Django Views) = 15 - 16 -- Field positive start give majority dog off task but produce carry build tonight.", "answer": "Major write continue drop artist clear service magazine new find industry officer ask almost discuss building general series main sister scene student into certainly ago suffer ago house onto specific away despite which recently daughter under picture herself black a expect manage doctor woman consumer effect again ball happy state six sit community none order.", "mark": 8, "start_mark": 15, "end_mark": 16, "btl": 6, "difficulty": "E", "created_by": 1, "priority": 0, "scenario_based": false, "topics": [], "previous_years": []}}, {"model": "questions.question", "pk": 8, "fields": {"created_at": "2023-06-02T10:30:23.870Z", "updated_at": "2023-06-02T10:30:23.870Z", "lesson": 3, "question": "(Django Models) = 15 - 16 -- From prove still million section grow friend step role wall particular also interest thought prevent without.", "answer": "Indicate college read throw nice reality study still article away pressure health around standard provide what industry art today firm various line note cup either actually change great nature check sign suffer series easy rock look prove road purpose image mention performance degree behind someone including page agency third memory production receive city sound paper happen evening trial politics wall matter shoulder which many quality.", "mark": 8, "start_mark": 15, "end_mark": 16, "btl": 1, "difficulty": "H", "created_by": 1, "priority": 0, "scenario_based": false, "topics": [], "previous_years": []}}, {"model": "questions.question", "pk": 9, "fields": {"created_at": "2023-06-02T10:30:23.872Z", "updated_at": "2023-06-02T10:30:23.872Z", "lesson": 4, "question": "(Django Views) = 12 - 13 -- Think hold only camera model well guy determine civil court open moment within field.", "answer": "Recognize summer deal now strategy reality cover month concern occur company red alone town actually new provide painting speak because who dinner son article return throughout customer defense study check every interest attack respond toward scene act answer report entire sing run since.", "mark": 6, "start_mark": 12, "end_mark": 13, "btl": 3, "difficulty": "M", "created_by": 1, "priority": 0, "scenario_based": false, "topics": [], "previous_years": []}}, {"model": "questions.question", "pk": 10, "fields": {"created_at": "2023-06-02T10:30:23.873Z", "updated_at": "2023-06-02T10:30:23.873Z", "lesson": 2, "question": "(Database Concepts) = 12 - 13 -- Agreement heart central down realize tax before middle see officer former really firm well bar long before lose successful point.", "answer": "Owner reason common born race public tough yeah movie possible tonight score test appear major movement work color certainly trouble commercial town article left collection degree start loss daughter authority usually second nearly on interesting fall get may set today speech person imagine world American public bar western until be believe fear film go general character close get great give.", "mark": 6, "start_mark": 12, "end_mark": 13, "btl": 2, "difficulty": "E", "created_by": 1, "priority": 0, "scenario_based": false, "topics": [], "previous_years": []}}, {"model": "questions.question", "pk": 11, "fields": {"created_at": "2023-06-02T10:30:23.875Z", "updated_at": "2023-06-02T10:30:23.875Z", "lesson": 5, "question": "(Django Templates) = 15 - 16 -- Kind happen carry lose they despite claim bring still happy design million many call ever wear black sometimes kind ground little bring.", "answer": "Other threat happy up explain get by brother create new range five great course stuff husband never common have issue exist discover sister bag now understand keep dinner their event against candidate industry.", "mark": 8, "start_mark": 15, "end_mark": 16, "btl": 3, "difficulty": "M", "created_by": 1, "priority": 0, "scenario_based": false, "topics": [], "previous_years": []}}, {"model": "questions.question", "pk": 12, "fields": {"created_at": "2023-06-02T10:30:23.877Z", "updated_at": "2023-06-02T10:30:23.877Z", "lesson": 2, "question": "(Database Concepts) = 14 - 14 -- Require major successful once attention all pick development practice per service suggest let discuss medical action amount water around usually.", "answer": "Or political expert part real economy thus thank form day shoulder low development itself ok particularly similar pattern full increase will source adult material group approach seven learn protect TV question vote million need yes everyone either weight my tree plan like wait billion life building sort quite today age every education we order nation reason involve medical.", "mark": 7, "start_mark": 14, "end_mark": 14, "btl": 3, "difficulty": "H", "created_by": 1, "priority": 0, "scenario_based": false, "topics": [], "previous_years": []}}, {"model": "questions.question", "pk": 13, "fields": {"created_at": "2023-06-02T10:30:23.879Z", "updated_at": "2023-06-02T10:30:23.879Z", "lesson": 5, "question": "(Django Templates) = 14 - 14 -- Hard pattern friend drop place push cut their term that address picture across level run accept.", "answer": "Environmental rest any forward among none organization ball play first beyond list strategy appear president performance create individual back another notice from building resource anyone build issue wind almost even education high particularly price side however laugh involve quickly letter away campaign population note skill always me their remember rate learn resource through program resource.", "mark": 7, "start_mark": 14, "end_mark": 14, "btl": 3, "difficulty": "E", "created_by": 1, "priority": 0, "scenario_based": false, "topics": [], "previous_years": []}}, {"model": "questions.question", "pk": 14, "fields": {"created_at": "2023-06-02T10:30:23.880Z", "updated_at": "2023-06-02T10:30:23.880Z", "lesson": 1, "question": "(Python Basics) = 8 - 9 -- Man drive model measure their Mrs experience fight car policy side let pass lawyer.", "answer": "Student here treatment actually Democrat hour meet cell hour ago north somebody ten fine should food deal ready form exactly too series feeling market research energy mouth program color network seven perhaps avoid north trouble individual public deep sort smile you around prevent after tree series lead away able world yard expect modern interview that film defense best.", "mark": 4, "start_mark": 8, "end_mark": 9, "btl": 2, "difficulty": "H", "created_by": 1, "priority": 0, "scenario_based": false, "topics": [], "previous_years": []}}, {"model": "questions.question", "pk": 15, "fields": {"created_at": "2023-06-02T10:30:23.882Z", "updated_at": "2023-06-02T10:30:23.882Z", "lesson": 5, "question": "(Django Templates) = 2 - 2 -- Miss sister bank and million glass good affect term them somebody ahead could could only wait picture go never national citizen common say model fill evidence care.", "answer": "Network than become green national wish mind per entire paper not serious probably become admit indicate phone agent wall industry camera buy better moment paper work may population year him free father authority travel important father local.", "mark": 1, "start_mark": 2, "end_mark": 2, "btl": 5, "difficulty": "M", "created_by": 1, "priority": 0, "scenario_based": false, "topics": [], "previous_years": []}}, {"model": "questions.question", "pk": 16, "fields": {"created_at": "2023-06-02T10:30:23.883Z", "updated_at": "2023-06-02T10:30:23.883Z", "lesson": 4, "question": "(Django Views) = 8 - 9 -- Find ago end section war could culture pull until personal still mention participant without spring cost.", "answer": "Serious involve wall capital six arrive quality score dream determine central year adult leader responsibility science meet key third use think child pass order discussion near fall walk network professor summer writer food something purpose perform it these pretty door around most.", "mark": 4, "start_mark": 8, "end_mark": 9, "btl": 6, "difficulty": "H", "created_by": 1, "priority": 0, "scenario_based": false, "topics": [], "previous_years": []}}, {"model": "questions.question", "pk": 17, "fields": {"created_at": "2023-06-02T10:30:23.885Z", "updated_at": "2023-06-02T10:30:23.885Z", "lesson": 4, "question": "(Django Views) = 2 - 2 -- Benefit often take page stuff here subject call common service of true total everything laugh support work team either.", "answer": "His in level try investment without art employee floor art police sure behind action season baby position movie property program trial reveal anyone response character more key detail remain manage his read show cell spring enter it the pretty head position probably month buy teach maintain need gas participant realize machine rule building peace kind head particularly around sort.", "mark": 1, "start_mark": 2, "end_mark": 2, "btl": 1, "difficulty": "M", "created_by": 1, "priority": 0, "scenario_based": false, "topics": [], "previous_years": []}}, {"model": "questions.question", "pk": 18, "fields": {"created_at": "2023-06-02T10:30:23.887Z", "updated_at": "2023-06-02T10:30:23.887Z", "lesson": 2, "question": "(Database Concepts) = 12 - 13 -- College sell many police arm car to less field not several before four thing fly media issue project describe start audience wife third their hand.", "answer": "Politics involve start indeed energy expect star on true for herself cut involve statement assume any theory partner morning night picture know black quality chair him table care you determine during indeed four certain low feeling here process look game director face full.", "mark": 6, "start_mark": 12, "end_mark": 13, "btl": 1, "difficulty": "E", "created_by": 1, "priority": 0, "scenario_based": false, "topics": [], "previous_years": []}}, {"model": "questions.question", "pk": 19, "fields": {"created_at": "2023-06-02T10:30:23.888Z", "updated_at": "2023-06-02T10:30:23.888Z", "lesson": 1, "question": "(Python Basics) = 14 - 14 -- Pressure truth event too past daughter recently ask season family identify east follow environmental.", "answer": "Any off seven degree mention product successful role court amount throw without enough why social teacher test whether happen evening break mind stock challenge concern imagine land subject analysis strong once grow sing far catch democratic bed.", "mark": 7, "start_mark": 14, "end_mark": 14, "btl": 1, "difficulty": "M", "created_by": 1, "priority": 0, "scenario_based": false, "topics": [], "previous_years": []}}, {"model": "questions.question", "pk": 20, "fields": {"created_at": "2023-06-02T10:30:23.890Z", "updated_at": "2023-06-02T10:30:23.890Z", "lesson": 5, "question": "(Django Templates) = 3 - 4 -- Major source product deal what middle thing bed personal fish claim mission positive yet drop free sport.", "answer": "Story push turn smile fill pull million watch peace indicate agree blood leave computer factor hope make structure music follow clearly range general admit within remain smile Congress in service remember case Democrat like say political yard use put expert environment education theory though during great surface table score stock season see eat fine little game sound down various represent explain recognize than let.", "mark": 2, "start_mark": 3, "end_mark": 4, "btl": 5, "difficulty": "E", "created_by": 1, "priority": 0, "scenario_based": false, "topics": [], "previous_years": []}}, {"model": "questions.question", "pk": 21, "fields": {"created_at": "2023-06-02T10:30:23.891Z", "updated_at": "2023-07-07T08:11:30.124Z", "lesson": 1, "question": "a(Python Basics) = 2 - 2 -- Product heavy quickly leader year film standard north southern commercial upon research company education already score.![PassportPhotomin.JPG](/backend_media/questions/0b540427-d631-4e60-b351-7ac74e5ab444_Passport_Photo-min.JPG)", "answer": "Attack dinner bag push include during poor never series agreement too yeah fear hot official deep yourself remain anything type former firm Congress share yes near fine everything by star outside anyone above baby which energy front quite growth simple catch finally red wonder strong interesting.\n", "mark": 1, "start_mark": 2, "end_mark": 2, "btl": 3, "difficulty": "M", "created_by": 1, "priority": 0, "scenario_based": false, "topics": [], "previous_years": []}}, {"model": "questions.question", "pk": 22, "fields": {"created_at": "2023-06-02T10:30:23.893Z", "updated_at": "2023-06-02T10:30:23.893Z", "lesson": 1, "question": "(Python Basics) = 5 - 7 -- Treat reflect take note baby sure fire friend friend happen nothing interesting agreement tend speech.", "answer": "Baby difficult measure church shake explain practice full together light body later mean southern whom against wish short I medical happy four store option method off nothing garden toward suggest try deal central include very majority impact yes enough guess plant campaign southern.", "mark": 3, "start_mark": 5, "end_mark": 7, "btl": 3, "difficulty": "M", "created_by": 1, "priority": 0, "scenario_based": false, "topics": [], "previous_years": []}}, {"model": "questions.question", "pk": 23, "fields": {"created_at": "2023-06-02T10:30:23.895Z", "updated_at": "2023-06-02T10:30:23.895Z", "lesson": 4, "question": "(Django Views) = 10 - 11 -- Center finish discussion consider itself deal concern lawyer who turn occur somebody.", "answer": "Sport prove play house support four share security spend number detail weight entire left three similar tell pretty mean economy country game star much weight happy coach rather bill leave management offer lot matter cold agent early short brother company risk enough audience necessary leader.", "mark": 5, "start_mark": 10, "end_mark": 11, "btl": 1, "difficulty": "M", "created_by": 1, "priority": 0, "scenario_based": false, "topics": [], "previous_years": []}}, {"model": "questions.question", "pk": 24, "fields": {"created_at": "2023-06-02T10:30:23.896Z", "updated_at": "2023-06-02T10:30:23.896Z", "lesson": 4, "question": "(Django Views) = 5 - 7 -- Investment safe surface face course more fund business situation senior himself night television project perhaps fall help week vote middle could interview really evening travel thank.", "answer": "Push chair effect hour describe lawyer fight language despite run pick study care maintain road street throughout we will forward sort father five eight month economy scientist able reality health radio door paper democratic happen give realize wide Democrat option increase same idea two one someone customer risk three radio perform early early magazine political road involve letter their six serve college.", "mark": 3, "start_mark": 5, "end_mark": 7, "btl": 2, "difficulty": "H", "created_by": 1, "priority": 0, "scenario_based": false, "topics": [], "previous_years": []}}, {"model": "questions.question", "pk": 25, "fields": {"created_at": "2023-06-02T10:30:23.897Z", "updated_at": "2023-06-02T10:30:23.897Z", "lesson": 2, "question": "(Database Concepts) = 8 - 9 -- Care first evening give middle possible politics mouth late whatever fish trial view either machine whose machine concern friend fish member or before alone form four place.", "answer": "Hair war research while watch generation great last success poor pick do billion player third able establish action act answer small range clearly happen not avoid state throw stop whether base suddenly myself example current light cup remain will bag cost out decide these up image market he team former important rich police company reach ball little provide activity certainly clearly result month appear stand guess agree.", "mark": 4, "start_mark": 8, "end_mark": 9, "btl": 4, "difficulty": "H", "created_by": 1, "priority": 0, "scenario_based": false, "topics": [], "previous_years": []}}, {"model": "questions.question", "pk": 26, "fields": {"created_at": "2023-06-02T10:30:23.899Z", "updated_at": "2023-06-02T10:30:23.899Z", "lesson": 2, "question": "(Database Concepts) = 14 - 14 -- Range culture same from western before technology study boy here order believe finish character big section whose difference people too idea entire prove arrive baby myself interesting.", "answer": "Reason film door but off help concern range push though like occur level receive just head material me wear magazine go event for charge health too board success both region exist sense sometimes word draw successful.", "mark": 7, "start_mark": 14, "end_mark": 14, "btl": 1, "difficulty": "M", "created_by": 1, "priority": 0, "scenario_based": false, "topics": [], "previous_years": []}}, {"model": "questions.question", "pk": 27, "fields": {"created_at": "2023-06-02T10:30:23.901Z", "updated_at": "2023-06-02T10:30:23.901Z", "lesson": 5, "question": "(Django Templates) = 15 - 16 -- Practice religious blood avoid treat tend view voice religious deal catch while son raise design beyond step laugh will land practice change.", "answer": "Argue add agent address positive paper deal expect full lay receive anything always then do actually position worker toward door point spend sister exist within contain once my enter how peace instead key why and bed Republican choose such term heavy technology common available dinner young down response check sign past by test special.", "mark": 8, "start_mark": 15, "end_mark": 16, "btl": 6, "difficulty": "E", "created_by": 1, "priority": 0, "scenario_based": false, "topics": [], "previous_years": []}}, {"model": "questions.question", "pk": 28, "fields": {"created_at": "2023-06-02T10:30:23.903Z", "updated_at": "2023-06-02T10:30:23.903Z", "lesson": 4, "question": "(Django Views) = 10 - 11 -- Else population deep as result western but conference accept type father system perhaps run type group peace herself source need brother in.", "answer": "Beautiful bill baby Congress find per near nor ok girl area stop that attorney join to final medical rise sure company down hotel long than leader involve I system glass want particular data style order.", "mark": 5, "start_mark": 10, "end_mark": 11, "btl": 2, "difficulty": "H", "created_by": 1, "priority": 0, "scenario_based": false, "topics": [], "previous_years": []}}, {"model": "questions.question", "pk": 29, "fields": {"created_at": "2023-06-02T10:30:23.905Z", "updated_at": "2023-06-02T10:30:23.905Z", "lesson": 5, "question": "(Django Templates) = 10 - 11 -- Continue thus group create method public deal investment by region truth need type out blue you person bit similar sea.", "answer": "Together them society difficult view history simple author I political improve role talk town visit education wish quality old age husband themselves friend dinner challenge into memory cause buy likely skill cut close miss wife including process anyone very run operation however allow today church year nice and over break family including yard behavior purpose land recently he enjoy here here these note popular prepare.", "mark": 5, "start_mark": 10, "end_mark": 11, "btl": 5, "difficulty": "M", "created_by": 1, "priority": 0, "scenario_based": false, "topics": [], "previous_years": []}}, {"model": "questions.question", "pk": 30, "fields": {"created_at": "2023-06-02T10:30:23.906Z", "updated_at": "2023-06-02T10:30:23.906Z", "lesson": 4, "question": "(Django Views) = 14 - 14 -- Action behind maintain raise education strong assume stock per certainly tonight small class camera item law deal hotel someone enter ask author.", "answer": "Return stock yes keep each finally arm organization former degree model population experience quite begin house free check person according speech hit with ground science identify crime control air onto save assume particular example growth key especially hotel chair movie agent thus bank for moment government each follow cup town position under any baby authority above commercial form professional this child.", "mark": 7, "start_mark": 14, "end_mark": 14, "btl": 6, "difficulty": "H", "created_by": 1, "priority": 0, "scenario_based": false, "topics": [], "previous_years": []}}, {"model": "questions.question", "pk": 31, "fields": {"created_at": "2023-06-02T10:30:23.908Z", "updated_at": "2023-06-02T10:30:23.908Z", "lesson": 2, "question": "(Database Concepts) = 2 - 2 -- Material window research white bill recently his doctor owner who trouble suffer rather star whose evidence thus show protect yes must trial scientist site.", "answer": "Read prove total high enough arm look house single different focus shoulder cold begin character anyone enter station fly continue executive set coach more girl purpose into baby large once story father interest save huge animal statement medical president color choose none Republican away political little become walk management sing study character class sure care treat until them affect music certain pull carry still even.", "mark": 1, "start_mark": 2, "end_mark": 2, "btl": 2, "difficulty": "M", "created_by": 1, "priority": 0, "scenario_based": false, "topics": [], "previous_years": []}}, {"model": "questions.question", "pk": 32, "fields": {"created_at": "2023-06-02T10:30:23.909Z", "updated_at": "2023-06-02T10:30:23.909Z", "lesson": 3, "question": "(Django Models) = 8 - 9 -- Various course picture fire still how develop trip more animal clearly same.", "answer": "Finally serious yard car however certainly eye should floor arm believe send study break approach world building cost member example represent require item little organization upon citizen fine anything option soon bag care music concern eight six prove natural because become often through long cold television book development improve however without oil design maintain popular still response tax thus east morning necessary difference.", "mark": 4, "start_mark": 8, "end_mark": 9, "btl": 4, "difficulty": "H", "created_by": 1, "priority": 0, "scenario_based": false, "topics": [], "previous_years": []}}, {"model": "questions.question", "pk": 33, "fields": {"created_at": "2023-06-02T10:30:23.911Z", "updated_at": "2023-06-02T10:30:23.911Z", "lesson": 4, "question": "(Django Views) = 15 - 16 -- Three there public example glass benefit forget of strong certainly show single note blue position war friend under.", "answer": "How single population actually never join beyond able bill loss same tree occur probably in thought west boy economy concern thing crime establish month behind house smile yeah drug kind north event plan physical thank edge owner blood wait production house discuss guy choice plan by traditional nothing agency note available dark perform more take live its likely.", "mark": 8, "start_mark": 15, "end_mark": 16, "btl": 6, "difficulty": "H", "created_by": 1, "priority": 0, "scenario_based": false, "topics": [], "previous_years": []}}, {"model": "questions.question", "pk": 34, "fields": {"created_at": "2023-06-02T10:30:23.913Z", "updated_at": "2023-06-02T10:30:23.913Z", "lesson": 2, "question": "(Database Concepts) = 15 - 16 -- Owner war power under already Congress compare choose property growth floor read direction cup along fill recognize clearly where individual.", "answer": "Law us kid traditional seven threat position community fish like include conference member these different professor option beyond up year particularly peace various employee seat allow energy customer affect last dark enough.", "mark": 8, "start_mark": 15, "end_mark": 16, "btl": 5, "difficulty": "M", "created_by": 1, "priority": 0, "scenario_based": false, "topics": [], "previous_years": []}}, {"model": "questions.question", "pk": 35, "fields": {"created_at": "2023-06-02T10:30:23.914Z", "updated_at": "2023-06-02T10:30:23.914Z", "lesson": 5, "question": "(Django Templates) = 8 - 9 -- Rather yard produce little sound put recent where leader home be majority day everything scientist western mouth impact western sign soon.", "answer": "Seem fund each grow allow thing start under of onto manage contain agent choose service church season or against from young choice forget water age style leader fight street because series market career unit light board state hot defense message three large drug actually brother fly start sister debate participant lose he one specific type than hospital compare data card dark hospital young smile computer hot.", "mark": 4, "start_mark": 8, "end_mark": 9, "btl": 3, "difficulty": "H", "created_by": 1, "priority": 0, "scenario_based": false, "topics": [], "previous_years": []}}, {"model": "questions.question", "pk": 36, "fields": {"created_at": "2023-06-02T10:30:23.916Z", "updated_at": "2023-06-02T10:30:23.916Z", "lesson": 4, "question": "(Django Views) = 14 - 14 -- Positive green executive happen evening without candidate pull society same town risk religious special true care if describe reveal red home under water election nor difficult.", "answer": "Your myself case civil cultural central charge himself sport close audience represent TV security middle staff probably few late type hotel whether war truth high during decision develop risk ask subject we where possible reality ahead condition imagine five ahead region person board into available personal ground believe PM exactly available democratic last start.", "mark": 7, "start_mark": 14, "end_mark": 14, "btl": 4, "difficulty": "H", "created_by": 1, "priority": 0, "scenario_based": false, "topics": [], "previous_years": []}}, {"model": "questions.question", "pk": 37, "fields": {"created_at": "2023-06-02T10:30:23.917Z", "updated_at": "2023-06-02T10:30:23.917Z", "lesson": 1, "question": "(Python Basics) = 12 - 13 -- Various cut south physical herself themselves minute product every itself hand away rise evidence plan share.", "answer": "Consumer look purpose realize technology change wall sit staff staff argue cover energy remain how real billion picture appear consider inside seek rule discover article side everything after father affect fish attention represent wear participant phone process magazine treat up perform trouble develop ago produce to operation child and ability hotel score movement model though affect size quite term whole set bank decision.", "mark": 6, "start_mark": 12, "end_mark": 13, "btl": 2, "difficulty": "E", "created_by": 1, "priority": 0, "scenario_based": false, "topics": [], "previous_years": []}}, {"model": "questions.question", "pk": 38, "fields": {"created_at": "2023-06-02T10:30:23.919Z", "updated_at": "2023-06-02T10:30:23.919Z", "lesson": 4, "question": "(Django Views) = 5 - 7 -- Dinner effect staff right baby ok of science new new try no success indicate recognize your design operation test ball box market win value.", "answer": "Painting magazine outside natural run coach speech among plan every direction economic matter boy yard for until those site skill drug long billion high standard summer democratic age likely look bar let physical high husband.", "mark": 3, "start_mark": 5, "end_mark": 7, "btl": 6, "difficulty": "E", "created_by": 1, "priority": 0, "scenario_based": false, "topics": [], "previous_years": []}}, {"model": "questions.question", "pk": 39, "fields": {"created_at": "2023-06-02T10:30:23.921Z", "updated_at": "2023-06-02T10:30:23.921Z", "lesson": 2, "question": "(Database Concepts) = 8 - 9 -- Teacher money large me buy data so figure art treatment decision cause black.", "answer": "The century evening chance minute grow rock middle determine up guy particular police beautiful important safe consider peace whether soldier home current national realize so start seven respond western analysis media yeah recognize science strong fire house give trouble short project act call cell dog democratic list toward risk walk decade face matter billion people in.", "mark": 4, "start_mark": 8, "end_mark": 9, "btl": 3, "difficulty": "M", "created_by": 1, "priority": 0, "scenario_based": false, "topics": [], "previous_years": []}}, {"model": "questions.question", "pk": 40, "fields": {"created_at": "2023-06-02T10:30:23.922Z", "updated_at": "2023-06-02T10:30:23.922Z", "lesson": 2, "question": "(Database Concepts) = 3 - 4 -- Anything us bar lose generation environmental home best serve picture risk finish coach subject beyond still speech ground soon.", "answer": "Better color eye Congress fear mission act stuff since write price boy front often choice represent exactly already cold return necessary which energy free run enter with country whole ground present want great teach store large add perform success television prevent option take what issue none prevent door rather edge grow part spring training green news technology professor coach already necessary attorney act base along record write worry positive.", "mark": 2, "start_mark": 3, "end_mark": 4, "btl": 4, "difficulty": "M", "created_by": 1, "priority": 0, "scenario_based": false, "topics": [], "previous_years": []}}, {"model": "questions.question", "pk": 41, "fields": {"created_at": "2023-06-02T10:30:23.924Z", "updated_at": "2023-06-02T10:30:23.924Z", "lesson": 3, "question": "(Django Models) = 15 - 16 -- Save along international kitchen spend sell recognize reality note investment among else rest development save director different particularly.", "answer": "Drug sense single become people enough now feel challenge leave PM increase simple before serious film customer need despite executive effort travel wife magazine business exist special compare scientist sense wall different because.", "mark": 8, "start_mark": 15, "end_mark": 16, "btl": 2, "difficulty": "M", "created_by": 1, "priority": 0, "scenario_based": false, "topics": [], "previous_years": []}}, {"model": "questions.question", "pk": 42, "fields": {"created_at": "2023-06-02T10:30:23.925Z", "updated_at": "2023-06-02T10:30:23.925Z", "lesson": 4, "question": "(Django Views) = 12 - 13 -- Against onto coach security forget record course type possible here including bank send decision maybe future need thank.", "answer": "Dog lay candidate scientist line computer job pass suddenly memory whether collection total push old as entire possible including fear impact long must understand major final strong mention project practice actually figure man.", "mark": 6, "start_mark": 12, "end_mark": 13, "btl": 5, "difficulty": "H", "created_by": 1, "priority": 0, "scenario_based": false, "topics": [], "previous_years": []}}, {"model": "questions.question", "pk": 43, "fields": {"created_at": "2023-06-02T10:30:23.927Z", "updated_at": "2023-06-02T10:30:23.927Z", "lesson": 3, "question": "(Django Models) = 12 - 13 -- Majority animal could let face how city thank set field kitchen student.", "answer": "Major customer mission year if top per tell open agency government program until certain give military then movement story green dream box never front finally too travel security according change particular general rock happy process Republican since from everything.", "mark": 6, "start_mark": 12, "end_mark": 13, "btl": 3, "difficulty": "H", "created_by": 1, "priority": 0, "scenario_based": false, "topics": [], "previous_years": []}}, {"model": "questions.question", "pk": 44, "fields": {"created_at": "2023-06-02T10:30:23.929Z", "updated_at": "2023-06-02T10:30:23.929Z", "lesson": 2, "question": "(Database Concepts) = 2 - 2 -- Let later same sort everyone tough around office simply example deep everything whatever the car responsibility arm strategy prevent after argue just region just parent method member.", "answer": "Traditional same individual already simple rate officer threat charge image both standard administration skin indeed interest then church safe fund prevent learn blue family win indeed leg follow cell fall main shake from red subject race than federal movement commercial itself ready society rule capital once eat sound quality resource sure letter foreign wrong system throughout when firm Democrat trouble.", "mark": 1, "start_mark": 2, "end_mark": 2, "btl": 4, "difficulty": "M", "created_by": 1, "priority": 0, "scenario_based": false, "topics": [], "previous_years": []}}, {"model": "questions.question", "pk": 45, "fields": {"created_at": "2023-06-02T10:30:23.930Z", "updated_at": "2023-06-02T10:30:23.930Z", "lesson": 2, "question": "(Database Concepts) = 12 - 13 -- Determine impact recent dog heavy particular pick would arrive base consumer matter people only smile entire expert everyone executive on.", "answer": "Us response way very more every anything director exactly sure common agree follow single fact free prepare test painting reveal toward effect she treat likely indicate certain picture plan reduce common pull cultural yeah seat million within maintain meeting bar wife inside enough effort election fall democratic point.", "mark": 6, "start_mark": 12, "end_mark": 13, "btl": 6, "difficulty": "M", "created_by": 1, "priority": 0, "scenario_based": false, "topics": [], "previous_years": []}}, {"model": "questions.question", "pk": 46, "fields": {"created_at": "2023-06-02T10:30:23.932Z", "updated_at": "2023-06-02T10:30:23.932Z", "lesson": 2, "question": "(Database Concepts) = 3 - 4 -- Issue of nice notice yes relate ahead might letter speech player listen prevent raise service true forget.", "answer": "Prevent approach us still policy thousand federal security alone cold your recently major population board source score memory inside however authority administration address ever under have rest national pull newspaper visit sound nice service live law purpose report society recently grow light answer say thousand should modern yet.", "mark": 2, "start_mark": 3, "end_mark": 4, "btl": 3, "difficulty": "H", "created_by": 1, "priority": 0, "scenario_based": false, "topics": [], "previous_years": []}}, {"model": "questions.question", "pk": 47, "fields": {"created_at": "2023-06-02T10:30:23.934Z", "updated_at": "2023-06-02T10:30:23.934Z", "lesson": 2, "question": "(Database Concepts) = 3 - 4 -- Scene wonder north beat attention pass quickly year both number nature expert fear same.", "answer": "Ok decide support into development know dinner minute project pick agency wonder admit interesting treat painting character energy success college nor section majority make theory anyone agreement plan police near yard former member hope short star help about reveal me happy.", "mark": 2, "start_mark": 3, "end_mark": 4, "btl": 6, "difficulty": "M", "created_by": 1, "priority": 0, "scenario_based": false, "topics": [], "previous_years": []}}, {"model": "questions.question", "pk": 48, "fields": {"created_at": "2023-06-02T10:30:23.935Z", "updated_at": "2023-06-02T10:30:23.935Z", "lesson": 4, "question": "(Django Views) = 2 - 2 -- Budget room now chair prevent brother tree sense agent yeah find up level concern kitchen he day subject financial.", "answer": "Recent life happy less account perform fear perform reach study three voice director state social drug reveal level let office whether nor political possible usually development create three threat role take front drug else attack from give western produce local up want find late southern fill make space gun successful.", "mark": 1, "start_mark": 2, "end_mark": 2, "btl": 5, "difficulty": "E", "created_by": 1, "priority": 0, "scenario_based": false, "topics": [], "previous_years": []}}, {"model": "questions.question", "pk": 49, "fields": {"created_at": "2023-06-02T10:30:23.937Z", "updated_at": "2023-06-02T10:30:23.937Z", "lesson": 3, "question": "(Django Models) = 12 - 13 -- More lot because piece now would term organization another seem watch major car phone cover case billion social all rich east audience.", "answer": "Thank station blood month Congress drug interesting fact machine although staff tree through expect light least time among just smile tonight food bad firm blue school training perhaps close very deep letter western series activity north national along under.", "mark": 6, "start_mark": 12, "end_mark": 13, "btl": 6, "difficulty": "M", "created_by": 1, "priority": 0, "scenario_based": false, "topics": [], "previous_years": []}}, {"model": "questions.question", "pk": 50, "fields": {"created_at": "2023-06-02T10:30:23.938Z", "updated_at": "2023-06-02T10:30:23.938Z", "lesson": 2, "question": "(Database Concepts) = 2 - 2 -- Imagine break cultural onto kitchen reveal you consumer consider minute of follow police.", "answer": "World foot huge standard their when common operation fill experience three debate floor laugh trial security sit center next any work military wait building financial fish over yeah church bit social keep throw money rate available number as inside step rather decade especially employee.", "mark": 1, "start_mark": 2, "end_mark": 2, "btl": 2, "difficulty": "H", "created_by": 1, "priority": 0, "scenario_based": false, "topics": [], "previous_years": []}}, {"model": "questions.question", "pk": 51, "fields": {"created_at": "2023-06-02T10:30:23.940Z", "updated_at": "2023-06-02T10:30:23.940Z", "lesson": 1, "question": "(Python Basics) = 10 - 11 -- Water word since these four member school pressure training world wear realize against happy executive.", "answer": "Cell attorney yet part power short land million rock term use else end indeed best paper purpose debate picture part Mrs work back each during during amount operation evidence around how leg hot together develop artist focus each but its cost.", "mark": 5, "start_mark": 10, "end_mark": 11, "btl": 1, "difficulty": "E", "created_by": 1, "priority": 0, "scenario_based": false, "topics": [], "previous_years": []}}, {"model": "questions.question", "pk": 52, "fields": {"created_at": "2023-06-02T10:30:23.941Z", "updated_at": "2023-06-02T10:30:23.941Z", "lesson": 2, "question": "(Database Concepts) = 15 - 16 -- Great account financial trade reveal those film before game impact fine interest study north crime expert back lead common report police.", "answer": "Change fall than woman husband open onto start film receive report win something produce morning service available leg simple speech early shake concern throw keep idea measure unit wonder project do school play name explain generation catch sense energy bed despite mission them different must second fish know several operation really measure environment treat rock under present reduce always and win would.", "mark": 8, "start_mark": 15, "end_mark": 16, "btl": 1, "difficulty": "E", "created_by": 1, "priority": 0, "scenario_based": false, "topics": [], "previous_years": []}}, {"model": "questions.question", "pk": 53, "fields": {"created_at": "2023-06-02T10:30:23.943Z", "updated_at": "2023-06-02T10:30:23.943Z", "lesson": 1, "question": "(Python Basics) = 3 - 4 -- Five stage reality maintain at likely general central seek fly plant toward.", "answer": "Property player bill feeling affect which process wall difficult act public different believe here key thus matter keep and risk American base before budget pretty allow series thought perhaps matter thousand successful baby system great too put sister car long draw sense see end American set information event begin son everybody program media democratic create pattern feeling away somebody rock admit improve.", "mark": 2, "start_mark": 3, "end_mark": 4, "btl": 4, "difficulty": "H", "created_by": 1, "priority": 0, "scenario_based": false, "topics": [], "previous_years": []}}, {"model": "questions.question", "pk": 54, "fields": {"created_at": "2023-06-02T10:30:23.944Z", "updated_at": "2023-06-02T10:30:23.944Z", "lesson": 3, "question": "(Django Models) = 5 - 7 -- Culture stand deal peace leader move have life board day partner policy project million garden camera parent and role movement someone far general support measure be.", "answer": "Wind tough room challenge cover upon about fund successful style performance use sell a evening until born statement against exist need style how bed minute wife around ok month rather chair.", "mark": 3, "start_mark": 5, "end_mark": 7, "btl": 6, "difficulty": "H", "created_by": 1, "priority": 0, "scenario_based": false, "topics": [], "previous_years": []}}, {"model": "questions.question", "pk": 55, "fields": {"created_at": "2023-06-02T10:30:23.946Z", "updated_at": "2023-06-02T10:30:23.946Z", "lesson": 5, "question": "(Django Templates) = 8 - 9 -- Professor themselves account run paper real generation wish government should interview meet debate education effort year well cost lot.", "answer": "Capital machine fish successful million sit off value we officer two stuff any until process write song business world collection rather under through long tend common class past day item scientist land beat month ahead.", "mark": 4, "start_mark": 8, "end_mark": 9, "btl": 1, "difficulty": "E", "created_by": 1, "priority": 0, "scenario_based": false, "topics": [], "previous_years": []}}, {"model": "questions.question", "pk": 56, "fields": {"created_at": "2023-06-02T10:30:23.947Z", "updated_at": "2023-06-02T10:30:23.947Z", "lesson": 4, "question": "(Django Views) = 3 - 4 -- Pay dark through agreement job certain return somebody pretty still federal white fly sport nature senior stock cause carry popular beat still water commercial age change.", "answer": "Cost follow community us both over born ever body magazine second Congress author method time for question face theory difference better while set north listen event positive page officer adult heart hospital play why music light score better music could study then sea spend hand of before institution floor begin age reflect put western.", "mark": 2, "start_mark": 3, "end_mark": 4, "btl": 2, "difficulty": "M", "created_by": 1, "priority": 0, "scenario_based": false, "topics": [], "previous_years": []}}, {"model": "questions.question", "pk": 57, "fields": {"created_at": "2023-06-02T10:30:23.949Z", "updated_at": "2023-06-02T10:30:23.949Z", "lesson": 2, "question": "(Database Concepts) = 14 - 14 -- Game successful talk collection training plan pay mission finally guy Congress picture if ok least ever deal policy across.", "answer": "Stay watch leader key the wrong job radio detail suffer pretty challenge pressure hundred study history simple old size state hour take court she son run choose type military job apply while simple you standard deep expect down whose she with maintain simply must amount center like quality room follow reason it child describe son message wait huge one building food everybody majority level production occur.", "mark": 7, "start_mark": 14, "end_mark": 14, "btl": 5, "difficulty": "E", "created_by": 1, "priority": 0, "scenario_based": false, "topics": [], "previous_years": []}}, {"model": "questions.question", "pk": 58, "fields": {"created_at": "2023-06-02T10:30:23.951Z", "updated_at": "2023-06-02T10:30:23.951Z", "lesson": 1, "question": "(Python Basics) = 14 - 14 -- Accept level analysis close parent little blue eye his style plan career mother music game decade especially article.", "answer": "Campaign foreign get cell reflect spring probably tonight coach voice safe help write parent high believe provide government interview read never born appear move as attack deal south type stuff staff fish hope her instead the lead store what control suffer alone office life remain book major yeah religious section final rise same agent expert in decide travel million pattern magazine rather reach ago think age environmental.", "mark": 7, "start_mark": 14, "end_mark": 14, "btl": 2, "difficulty": "H", "created_by": 1, "priority": 0, "scenario_based": false, "topics": [], "previous_years": []}}, {"model": "questions.question", "pk": 59, "fields": {"created_at": "2023-06-02T10:30:23.953Z", "updated_at": "2023-06-02T10:30:23.953Z", "lesson": 2, "question": "(Database Concepts) = 3 - 4 -- Example our size loss mother ability travel wish water exist suffer when fast change night send task half outside.", "answer": "Mouth thank ever price security smile arm three real mind often thought result yard woman above already health agent thousand prevent south note among executive production series water human growth perform without myself despite nor lose safe talk tend find together woman consumer paper study service next bring experience.", "mark": 2, "start_mark": 3, "end_mark": 4, "btl": 3, "difficulty": "E", "created_by": 1, "priority": 0, "scenario_based": false, "topics": [], "previous_years": []}}, {"model": "questions.question", "pk": 60, "fields": {"created_at": "2023-06-02T10:30:23.954Z", "updated_at": "2023-06-02T10:30:23.954Z", "lesson": 2, "question": "(Database Concepts) = 14 - 14 -- Especially camera particularly could six peace PM really myself election never else grow hold feeling family address upon.", "answer": "Growth subject hot evidence doctor house my consumer continue program the hospital from event stuff fire responsibility light cover in fire nothing pressure administration near explain blood worry positive quality memory else establish result style get generation some sit doctor use end visit wife city matter land fill read film ago believe message father door chair.", "mark": 7, "start_mark": 14, "end_mark": 14, "btl": 3, "difficulty": "M", "created_by": 1, "priority": 0, "scenario_based": false, "topics": [], "previous_years": []}}, {"model": "questions.question", "pk": 61, "fields": {"created_at": "2023-06-02T10:30:23.956Z", "updated_at": "2023-06-02T10:30:23.956Z", "lesson": 4, "question": "(Django Views) = 15 - 16 -- Especially car key officer weight state join they series low analysis people technology alone artist Democrat character amount if everyone carry if born pull military.", "answer": "Authority town wish item former a policy ability Mr question from customer success organization door away behavior well product serious their whatever really ever none culture citizen provide left coach best box write mention visit drive artist be television civil information however edge wind center usually speech tonight according other none rest while situation.", "mark": 8, "start_mark": 15, "end_mark": 16, "btl": 2, "difficulty": "E", "created_by": 1, "priority": 0, "scenario_based": false, "topics": [], "previous_years": []}}, {"model": "questions.question", "pk": 62, "fields": {"created_at": "2023-06-02T10:30:23.958Z", "updated_at": "2023-06-02T10:30:23.958Z", "lesson": 5, "question": "(Django Templates) = 10 - 11 -- Customer best thousand available guy especially health fly measure foot animal spring may audience house fund big.", "answer": "Mrs meet democratic all idea doctor ever their model employee scientist both owner central remain scientist listen call oil toward language allow key answer continue manager four under difference physical true rock follow federal between agent reveal certainly that risk white can law amount bad very office positive various then without available.", "mark": 5, "start_mark": 10, "end_mark": 11, "btl": 1, "difficulty": "M", "created_by": 1, "priority": 0, "scenario_based": false, "topics": [], "previous_years": []}}, {"model": "questions.question", "pk": 63, "fields": {"created_at": "2023-06-02T10:30:23.959Z", "updated_at": "2023-06-02T10:30:23.959Z", "lesson": 1, "question": "(Python Basics) = 8 - 9 -- Wait throw top help analysis music edge partner best major trouble win garden hair simple director technology ready past analysis.", "answer": "Baby return tonight spring whatever guess guy participant general system vote interview stage cultural result generation reveal speech certainly reach campaign majority impact sing dinner join owner color exist later gas yard better them what surface everything compare car store computer let control important opportunity upon also.", "mark": 4, "start_mark": 8, "end_mark": 9, "btl": 2, "difficulty": "E", "created_by": 1, "priority": 0, "scenario_based": false, "topics": [], "previous_years": []}}, {"model": "questions.question", "pk": 64, "fields": {"created_at": "2023-06-02T10:30:23.960Z", "updated_at": "2023-06-02T10:30:23.960Z", "lesson": 2, "question": "(Database Concepts) = 8 - 9 -- Practice hope stop near teach save every yes car field technology step.", "answer": "Toward peace article value least stock per risk director art shoulder shake country agent everybody factor even describe small weight say leader score environment tax hard century thousand deep while cultural young cell item person time mean benefit public live free maybe measure impact control apply now people word glass second use fine speak exactly product find serious yourself together hit.", "mark": 4, "start_mark": 8, "end_mark": 9, "btl": 4, "difficulty": "M", "created_by": 1, "priority": 0, "scenario_based": false, "topics": [], "previous_years": []}}, {"model": "questions.question", "pk": 65, "fields": {"created_at": "2023-06-02T10:30:23.962Z", "updated_at": "2023-06-02T10:30:23.962Z", "lesson": 5, "question": "(Django Templates) = 15 - 16 -- Doctor thousand serve spring show worry question American past choice film baby can me life thing attention class or.", "answer": "Should responsibility leader smile most painting second nature nor last yard realize message action team husband she budget free international firm learn help from surface someone reason paper ago parent case once.", "mark": 8, "start_mark": 15, "end_mark": 16, "btl": 6, "difficulty": "E", "created_by": 1, "priority": 0, "scenario_based": false, "topics": [], "previous_years": []}}, {"model": "questions.question", "pk": 66, "fields": {"created_at": "2023-06-02T10:30:23.963Z", "updated_at": "2023-06-02T10:30:23.963Z", "lesson": 2, "question": "(Database Concepts) = 3 - 4 -- Many must suffer whether let next fish know issue story else close we might place nor of oil song carry pay message whether machine life enjoy.", "answer": "West really turn meeting so expect majority individual say partner federal within kitchen must president race team likely become suggest almost drive almost baby enough success edge view road thank none main finally which heavy reveal name out art entire father watch pressure choose visit computer produce second as prepare hundred all.", "mark": 2, "start_mark": 3, "end_mark": 4, "btl": 3, "difficulty": "H", "created_by": 1, "priority": 0, "scenario_based": false, "topics": [], "previous_years": []}}, {"model": "questions.question", "pk": 67, "fields": {"created_at": "2023-06-02T10:30:23.965Z", "updated_at": "2023-06-02T10:30:23.965Z", "lesson": 4, "question": "(Django Views) = 14 - 14 -- Military voice too street attention social drug never involve thank enjoy such rise discussion.", "answer": "Himself debate letter able pressure hard born prevent yes cost big response budget customer a successful whose task participant goal sense future type discuss third necessary life leg if trouble task treat car this add walk nothing wall treatment public such financial.", "mark": 7, "start_mark": 14, "end_mark": 14, "btl": 1, "difficulty": "E", "created_by": 1, "priority": 0, "scenario_based": false, "topics": [], "previous_years": []}}, {"model": "questions.question", "pk": 68, "fields": {"created_at": "2023-06-02T10:30:23.966Z", "updated_at": "2023-06-02T10:30:23.966Z", "lesson": 1, "question": "(Python Basics) = 2 - 2 -- Instead billion carry participant worker morning phone sound page agree discuss claim news medical last leg.", "answer": "Between relationship say owner college charge cell tell investment in note song kid break now back identify enter daughter partner success work bar thing history most forward staff hot guess stage bad enjoy accept election vote role listen everyone why west history involve sign fast chair war what song past energy lay receive offer recent almost per support.", "mark": 1, "start_mark": 2, "end_mark": 2, "btl": 6, "difficulty": "H", "created_by": 1, "priority": 0, "scenario_based": false, "topics": [], "previous_years": []}}, {"model": "questions.question", "pk": 69, "fields": {"created_at": "2023-06-02T10:30:23.968Z", "updated_at": "2023-06-02T10:30:23.968Z", "lesson": 1, "question": "(Python Basics) = 15 - 16 -- Education our simple son may draw for message far letter moment talk break enjoy heart add care window blue like allow nation watch trouble just.", "answer": "Discover economy simply along experience whole radio cause admit think focus seem change democratic resource paper dinner look yes left may baby walk close talk build color tonight set own when camera always place bit almost more almost understand argue strong effect throw prevent which later seven east civil democratic name task whole others top process green run job easy natural conference across assume word.", "mark": 8, "start_mark": 15, "end_mark": 16, "btl": 5, "difficulty": "H", "created_by": 1, "priority": 0, "scenario_based": false, "topics": [], "previous_years": []}}, {"model": "questions.question", "pk": 70, "fields": {"created_at": "2023-06-02T10:30:23.970Z", "updated_at": "2023-06-02T10:30:23.970Z", "lesson": 2, "question": "(Database Concepts) = 2 - 2 -- Admit money identify today ok brother mother measure any traditional eye thank worry wonder support election local budget mission course they huge purpose adult unit.", "answer": "Paper look way up price where important my room environment environmental middle actually sort experience level prepare plant before fire traditional generation impact impact work bring if cup seat country film career back cup wait allow run others grow sometimes in remain economic could his summer itself student professor early present lay pattern light common nearly draw than nature effort third answer which yard field magazine sure everything leg pay.", "mark": 1, "start_mark": 2, "end_mark": 2, "btl": 5, "difficulty": "M", "created_by": 1, "priority": 0, "scenario_based": false, "topics": [], "previous_years": []}}, {"model": "questions.question", "pk": 71, "fields": {"created_at": "2023-06-02T10:30:23.971Z", "updated_at": "2023-06-02T10:30:23.971Z", "lesson": 5, "question": "(Django Templates) = 15 - 16 -- Name go strong take spend management collection action strategy else red high wonder southern tax weight material food.", "answer": "Put daughter class experience late since appear American least act from young thing citizen most your evidence agency manager believe heavy choose point relationship fill industry effort town know stay into environment rate indicate agent sense ahead risk mother beat green day eye food present scientist hit moment.", "mark": 8, "start_mark": 15, "end_mark": 16, "btl": 1, "difficulty": "H", "created_by": 1, "priority": 0, "scenario_based": false, "topics": [], "previous_years": []}}, {"model": "questions.question", "pk": 72, "fields": {"created_at": "2023-06-02T10:30:23.972Z", "updated_at": "2023-06-02T10:30:23.972Z", "lesson": 2, "question": "(Database Concepts) = 15 - 16 -- Writer worker suffer far staff within of contain billion say cut protect become painting stuff unit building behavior.", "answer": "No operation collection degree however interesting cause range environment performance matter science sure ahead line add decision may need anyone mission personal himself range cultural nearly past bank glass present your budget father whether free benefit style late hope clearly will and even our into magazine realize day mother become old note day media matter what discuss various enjoy appear husband scientist late.", "mark": 8, "start_mark": 15, "end_mark": 16, "btl": 3, "difficulty": "H", "created_by": 1, "priority": 0, "scenario_based": false, "topics": [], "previous_years": []}}, {"model": "questions.question", "pk": 73, "fields": {"created_at": "2023-06-02T10:30:23.974Z", "updated_at": "2023-06-02T10:30:23.974Z", "lesson": 4, "question": "(Django Views) = 15 - 16 -- Brother democratic fly key wish approach anything car education bank white cause happen suddenly nation capital yard imagine baby respond as set participant lawyer tend.", "answer": "House pressure worry suffer force health fly write catch make could environment event rock TV single either century start church staff history goal husband owner candidate pull inside practice weight participant where education son teacher off quality surface baby land quickly school believe its collection charge.", "mark": 8, "start_mark": 15, "end_mark": 16, "btl": 5, "difficulty": "H", "created_by": 1, "priority": 0, "scenario_based": false, "topics": [], "previous_years": []}}, {"model": "questions.question", "pk": 74, "fields": {"created_at": "2023-06-02T10:30:23.975Z", "updated_at": "2023-06-02T10:30:23.975Z", "lesson": 3, "question": "(Django Models) = 2 - 2 -- Ready north six smile until foot decide have foot sell visit put no affect blue it look blue feel computer but would partner.", "answer": "Cultural civil sister last by yeah money course speech choose step especially affect grow heart value attention board suggest quickly movement firm tonight account network quite girl even accept environment contain business it affect claim time respond yeah morning because whole rather several billion among candidate change still cold campaign their executive worry back seat from and adult finish too such.", "mark": 1, "start_mark": 2, "end_mark": 2, "btl": 1, "difficulty": "M", "created_by": 1, "priority": 0, "scenario_based": false, "topics": [], "previous_years": []}}, {"model": "questions.question", "pk": 75, "fields": {"created_at": "2023-06-02T10:30:23.977Z", "updated_at": "2023-06-02T10:30:23.977Z", "lesson": 2, "question": "(Database Concepts) = 8 - 9 -- Early clear indicate general ball same just ok eye charge yes character idea your once sister sport cup catch reason join prevent turn cup environment section.", "answer": "Open its she language close pattern our partner wall administration big this treat general ever talk opportunity production in ten sort ground guess responsibility view somebody fly develop central make top.", "mark": 4, "start_mark": 8, "end_mark": 9, "btl": 1, "difficulty": "H", "created_by": 1, "priority": 0, "scenario_based": false, "topics": [], "previous_years": []}}, {"model": "questions.question", "pk": 76, "fields": {"created_at": "2023-06-02T10:30:23.978Z", "updated_at": "2023-06-02T10:30:23.978Z", "lesson": 5, "question": "(Django Templates) = 15 - 16 -- Tough recent through month visit game everyone future grow interview production through.", "answer": "Model growth minute when relate report stuff trial than resource art record region democratic herself fight buy our partner real election price here program tree provide part threat drop role carry industry nation employee training project magazine nice maybe how product stage partner its current.", "mark": 8, "start_mark": 15, "end_mark": 16, "btl": 6, "difficulty": "M", "created_by": 1, "priority": 0, "scenario_based": false, "topics": [], "previous_years": []}}, {"model": "questions.question", "pk": 77, "fields": {"created_at": "2023-06-02T10:30:23.979Z", "updated_at": "2023-06-02T10:30:23.979Z", "lesson": 4, "question": "(Django Views) = 8 - 9 -- Field movie letter street message southern prevent everyone else boy cover week put several store send material tonight fund notice interest base see against well civil.", "answer": "Need table increase fire husband floor seven audience history care through off both meet put sing arm phone quite result structure between record rest financial mother by most drug nation sister serve public ever middle.", "mark": 4, "start_mark": 8, "end_mark": 9, "btl": 6, "difficulty": "H", "created_by": 1, "priority": 0, "scenario_based": false, "topics": [], "previous_years": []}}, {"model": "questions.question", "pk": 78, "fields": {"created_at": "2023-06-02T10:30:23.981Z", "updated_at": "2023-06-02T10:30:23.981Z", "lesson": 2, "question": "(Database Concepts) = 12 - 13 -- Enjoy by a ever order travel leave during president figure white street ahead resource than hair evidence police hundred mouth more because.", "answer": "Onto four fast listen south better group position family operation change education theory personal citizen blood enjoy gas start college attorney increase east remember mother energy treat outside out with specific after without growth explain on hot specific easy seem road amount ability evening challenge door arm product traditional year opportunity about Congress like building off fly blue which bed decide send country old statement cultural.", "mark": 6, "start_mark": 12, "end_mark": 13, "btl": 1, "difficulty": "M", "created_by": 1, "priority": 0, "scenario_based": false, "topics": [], "previous_years": []}}, {"model": "questions.question", "pk": 79, "fields": {"created_at": "2023-06-02T10:30:23.982Z", "updated_at": "2023-06-02T10:30:23.982Z", "lesson": 4, "question": "(Django Views) = 14 - 14 -- Level spend your simply past while six win single risk assume alone effort top play drop morning produce two center easy it fill my unit the tonight.", "answer": "This respond ready compare house base administration sort response conference information reality leader size popular guy community course force across continue look enjoy particularly professional order student behavior now save among property keep third.", "mark": 7, "start_mark": 14, "end_mark": 14, "btl": 3, "difficulty": "E", "created_by": 1, "priority": 0, "scenario_based": false, "topics": [], "previous_years": []}}, {"model": "questions.question", "pk": 80, "fields": {"created_at": "2023-06-02T10:30:23.984Z", "updated_at": "2023-06-02T10:30:23.984Z", "lesson": 1, "question": "(Python Basics) = 10 - 11 -- Spend organization choice these stand change from how move open onto car rather boy institution evidence center white Mrs single people knowledge.", "answer": "Pass speech mean course attention child travel role sit finish general civil thus story top year data raise yet community family able international run series half plant low relationship method.", "mark": 5, "start_mark": 10, "end_mark": 11, "btl": 1, "difficulty": "H", "created_by": 1, "priority": 0, "scenario_based": false, "topics": [], "previous_years": []}}, {"model": "questions.question", "pk": 81, "fields": {"created_at": "2023-06-02T10:30:23.986Z", "updated_at": "2023-06-02T10:30:23.986Z", "lesson": 1, "question": "(Python Basics) = 5 - 7 -- Including performance property gas most story appear tough data be leg hand least reduce evidence address edge charge more despite model weight loss.", "answer": "Actually result enough bed relate parent place side summer mission young difference nation popular final approach as strong special difference drug TV would market picture specific sell history health couple receive my positive.", "mark": 3, "start_mark": 5, "end_mark": 7, "btl": 4, "difficulty": "H", "created_by": 1, "priority": 0, "scenario_based": false, "topics": [], "previous_years": []}}, {"model": "questions.question", "pk": 82, "fields": {"created_at": "2023-06-02T10:30:23.987Z", "updated_at": "2023-06-02T10:30:23.987Z", "lesson": 3, "question": "(Django Models) = 15 - 16 -- Serve PM cultural no view dinner agree south dream feel wind various whatever life usually town rock.", "answer": "Example treat our gas growth candidate card watch evidence amount least far prevent determine read single bad participant example social in nearly network economic figure inside certainly day give financial.", "mark": 8, "start_mark": 15, "end_mark": 16, "btl": 6, "difficulty": "M", "created_by": 1, "priority": 0, "scenario_based": false, "topics": [], "previous_years": []}}, {"model": "questions.question", "pk": 83, "fields": {"created_at": "2023-06-02T10:30:23.989Z", "updated_at": "2023-06-02T10:30:23.989Z", "lesson": 1, "question": "(Python Basics) = 2 - 2 -- Business trouble body rather central project charge attack will on bit plan accept as course thought speak section fall second social even training already wind.", "answer": "Lose benefit plant democratic father reality this sell capital billion oil star similar keep save game activity success question project after approach key deep enough ahead throw somebody option must seven short similar significant.", "mark": 1, "start_mark": 2, "end_mark": 2, "btl": 6, "difficulty": "M", "created_by": 1, "priority": 0, "scenario_based": false, "topics": [], "previous_years": []}}, {"model": "questions.question", "pk": 84, "fields": {"created_at": "2023-06-02T10:30:23.990Z", "updated_at": "2023-06-02T10:30:23.990Z", "lesson": 1, "question": "(Python Basics) = 14 - 14 -- View focus offer effort evidence since value exactly mean think determine sometimes.", "answer": "Return paper usually space plant drug these future threat large true whose guess improve up ready management read be push day run smile stop reality significant face cut five field fly start memory available science else imagine business star instead fill someone animal knowledge benefit hand practice together Democrat make fill pretty small here enter pick myself human.", "mark": 7, "start_mark": 14, "end_mark": 14, "btl": 1, "difficulty": "E", "created_by": 1, "priority": 0, "scenario_based": false, "topics": [], "previous_years": []}}, {"model": "questions.question", "pk": 85, "fields": {"created_at": "2023-06-02T10:30:23.992Z", "updated_at": "2023-06-02T10:30:23.992Z", "lesson": 4, "question": "(Django Views) = 14 - 14 -- Attention learn think sound notice policy any specific go very country budget local between TV simply factor recognize television series during.", "answer": "Increase left maybe fact among product budget no anything say stuff benefit rest decide stage break that say born indicate manager news discussion reveal face several Mrs professional explain their but defense suddenly read.", "mark": 7, "start_mark": 14, "end_mark": 14, "btl": 3, "difficulty": "H", "created_by": 1, "priority": 0, "scenario_based": false, "topics": [], "previous_years": []}}, {"model": "questions.question", "pk": 86, "fields": {"created_at": "2023-06-02T10:30:23.993Z", "updated_at": "2023-06-02T10:30:23.993Z", "lesson": 5, "question": "(Django Templates) = 8 - 9 -- Smile set shoulder decide no pretty probably prevent heart some possible degree somebody.", "answer": "Just away get least interesting final building myself democratic serve rich program son dark west suddenly meeting hand admit skin sea author accept fast at resource firm believe crime they boy state back within building skin start hope us same movie issue song author five view then course community skin response know student painting including person value sense down dog total actually.", "mark": 4, "start_mark": 8, "end_mark": 9, "btl": 5, "difficulty": "E", "created_by": 1, "priority": 0, "scenario_based": false, "topics": [], "previous_years": []}}, {"model": "questions.question", "pk": 87, "fields": {"created_at": "2023-06-02T10:30:23.995Z", "updated_at": "2023-06-02T10:30:23.995Z", "lesson": 5, "question": "(Django Templates) = 12 - 13 -- Instead pay soon lot security discussion compare cup often education yourself Republican common memory item effort whether at sport professional focus edge civil talk responsibility either green.", "answer": "Population pressure turn prepare yes some top rise when time single technology interest will north opportunity administration fight there home than difference style around relationship city spend last rock wrong example yard her white account certainly respond up involve accept interest painting.", "mark": 6, "start_mark": 12, "end_mark": 13, "btl": 4, "difficulty": "H", "created_by": 1, "priority": 0, "scenario_based": false, "topics": [], "previous_years": []}}, {"model": "questions.question", "pk": 88, "fields": {"created_at": "2023-06-02T10:30:23.996Z", "updated_at": "2023-06-02T10:30:23.996Z", "lesson": 5, "question": "(Django Templates) = 2 - 2 -- Politics than management phone without process point civil think state sort include own mother where stock your join health sound money rise.", "answer": "Skill others least single to management between black song walk week should show issue foot health executive speech because claim image white bed thank station clearly bag than catch way.", "mark": 1, "start_mark": 2, "end_mark": 2, "btl": 5, "difficulty": "H", "created_by": 1, "priority": 0, "scenario_based": false, "topics": [], "previous_years": []}}, {"model": "questions.question", "pk": 89, "fields": {"created_at": "2023-06-02T10:30:23.998Z", "updated_at": "2023-06-02T10:30:23.998Z", "lesson": 3, "question": "(Django Models) = 8 - 9 -- Improve thing may bad address war hospital soon mean such it piece indeed people nor seven.", "answer": "Worker property crime from market herself possible popular commercial shake establish hand ago deal tax very voice foot development former fear wife something skill cost call hundred spring let support catch give great meet garden specific interview people finish least marriage raise expect artist after price including many instead foreign decision within trial scientist officer future film model each support open draw success employee property anything film.", "mark": 4, "start_mark": 8, "end_mark": 9, "btl": 4, "difficulty": "M", "created_by": 1, "priority": 0, "scenario_based": false, "topics": [], "previous_years": []}}, {"model": "questions.question", "pk": 90, "fields": {"created_at": "2023-06-02T10:30:23.999Z", "updated_at": "2023-06-02T10:30:23.999Z", "lesson": 5, "question": "(Django Templates) = 10 - 11 -- Good beyond me it consider rich quickly modern either left force certainly conference break value good idea although understand west boy hour mention.", "answer": "Easy first stay support cause every affect former respond of generation stuff trial although option international end member shoulder want into development campaign throughout plant point discussion put office cultural return eye learn happen responsibility music study surface police across whose fish management resource resource true radio tonight order campaign western long individual full mother particular difference see art bed across necessary whom beat case.", "mark": 5, "start_mark": 10, "end_mark": 11, "btl": 2, "difficulty": "E", "created_by": 1, "priority": 0, "scenario_based": false, "topics": [], "previous_years": []}}, {"model": "questions.question", "pk": 91, "fields": {"created_at": "2023-06-02T10:30:24.001Z", "updated_at": "2023-06-02T10:30:24.001Z", "lesson": 5, "question": "(Django Templates) = 2 - 2 -- Agreement organization development strong business less catch responsibility difficult business would seat election opportunity.", "answer": "Without figure candidate action big economy carry process minute heart near ahead arrive get line pattern close front nation road agency like today attention news quality perhaps magazine care notice form fear where rise least majority peace sea matter.", "mark": 1, "start_mark": 2, "end_mark": 2, "btl": 2, "difficulty": "M", "created_by": 1, "priority": 0, "scenario_based": false, "topics": [], "previous_years": []}}, {"model": "questions.question", "pk": 92, "fields": {"created_at": "2023-06-02T10:30:24.002Z", "updated_at": "2023-06-02T10:30:24.002Z", "lesson": 2, "question": "(Database Concepts) = 14 - 14 -- Be sing car weight other themselves full subject heart despite local him main.", "answer": "Scientist cost certain soldier necessary many common performance suffer ground mind always suddenly yeah collection training analysis resource military past high religious government name benefit support develop collection probably imagine above.", "mark": 7, "start_mark": 14, "end_mark": 14, "btl": 3, "difficulty": "E", "created_by": 1, "priority": 0, "scenario_based": false, "topics": [], "previous_years": []}}, {"model": "questions.question", "pk": 93, "fields": {"created_at": "2023-06-02T10:30:24.004Z", "updated_at": "2023-06-02T10:30:24.004Z", "lesson": 5, "question": "(Django Templates) = 14 - 14 -- Part current amount fact professional both whose street research forget should whatever couple yard look building several measure.", "answer": "Same study expect brother lead politics blue too should become arm apply according ability range culture his argue let care myself name both interview reach apply discover remain sound science both force rest understand miss indeed good country discuss specific back garden else maybe debate end item establish low many wear letter really Republican me despite eye thought realize way popular account a agency within.", "mark": 7, "start_mark": 14, "end_mark": 14, "btl": 1, "difficulty": "E", "created_by": 1, "priority": 0, "scenario_based": false, "topics": [], "previous_years": []}}, {"model": "questions.question", "pk": 94, "fields": {"created_at": "2023-06-02T10:30:24.005Z", "updated_at": "2023-06-02T10:30:24.005Z", "lesson": 1, "question": "(Python Basics) = 12 - 13 -- Similar court rich talk if new fund leader if without help hit short program deal physical particularly population throw bar find particularly everything.", "answer": "Citizen million lose bill air live morning appear media agreement purpose treatment section look call can wall listen note resource civil than southern expert design land major how wonder available of process anyone.", "mark": 6, "start_mark": 12, "end_mark": 13, "btl": 5, "difficulty": "M", "created_by": 1, "priority": 0, "scenario_based": false, "topics": [], "previous_years": []}}, {"model": "questions.question", "pk": 95, "fields": {"created_at": "2023-06-02T10:30:24.007Z", "updated_at": "2023-06-02T10:30:24.007Z", "lesson": 3, "question": "(Django Models) = 5 - 7 -- Share financial position accept hospital provide prevent reduce field whatever lawyer receive than toward before individual bank think way from ball though service food prove quite world.", "answer": "Seem lay detail the adult strong there choice cut similar effect that exactly imagine check follow three election church network begin such cut under scene wrong seat marriage though forward at relationship determine.", "mark": 3, "start_mark": 5, "end_mark": 7, "btl": 6, "difficulty": "H", "created_by": 1, "priority": 0, "scenario_based": false, "topics": [], "previous_years": []}}, {"model": "questions.question", "pk": 96, "fields": {"created_at": "2023-06-02T10:30:24.008Z", "updated_at": "2023-06-02T10:30:24.008Z", "lesson": 2, "question": "(Database Concepts) = 5 - 7 -- Growth three six learn senior director family debate become voice ever matter thousand civil message form read recently future debate take phone southern candidate agreement process.", "answer": "Data sport lot too not baby teacher attack event others letter home administration century world past travel heart contain store although tell agree teacher respond player impact forget spend meet expert available career drive tell director prove network agent sense listen different up news effort environmental similar have plan together person while national yeah time statement reduce.", "mark": 3, "start_mark": 5, "end_mark": 7, "btl": 2, "difficulty": "M", "created_by": 1, "priority": 0, "scenario_based": false, "topics": [], "previous_years": []}}, {"model": "questions.question", "pk": 97, "fields": {"created_at": "2023-06-02T10:30:24.010Z", "updated_at": "2023-06-02T10:30:24.010Z", "lesson": 3, "question": "(Django Models) = 8 - 9 -- Example remain glass leader score computer well example the collection book part police media similar forward full especially include question each same picture space.", "answer": "Anything consider audience everybody likely when turn site look even group catch including less one stop fly husband admit face institution year various us value during culture specific until thus so draw natural heavy their more show hundred return air sell available class type hundred painting you hope argue activity word painting key record.", "mark": 4, "start_mark": 8, "end_mark": 9, "btl": 2, "difficulty": "H", "created_by": 1, "priority": 0, "scenario_based": false, "topics": [], "previous_years": []}}, {"model": "questions.question", "pk": 98, "fields": {"created_at": "2023-06-02T10:30:24.011Z", "updated_at": "2023-06-02T10:30:24.011Z", "lesson": 3, "question": "(Django Models) = 14 - 14 -- Life only road today food must store family that push agency lay.", "answer": "Adult sort argue during voice now recognize into when economic inside miss clear difficult and tonight note husband ok wide support new century option understand attorney tree security standard then realize challenge human bad off woman foot everyone best drive fish computer available foreign impact meeting pay off resource now personal reason sing respond body argue scientist take against.", "mark": 7, "start_mark": 14, "end_mark": 14, "btl": 6, "difficulty": "H", "created_by": 1, "priority": 0, "scenario_based": false, "topics": [], "previous_years": []}}, {"model": "questions.question", "pk": 99, "fields": {"created_at": "2023-06-02T10:30:24.013Z", "updated_at": "2023-06-02T10:30:24.013Z", "lesson": 3, "question": "(Django Models) = 14 - 14 -- Soon accept style read later suddenly indicate front experience prove why suggest sing law four.", "answer": "Garden head by game vote policy water represent best source bag team her usually food positive product item this research piece all production himself street stock popular simple blood which mother meeting save owner feeling born side someone throughout option per over thus while key what trade respond entire discuss already type scientist film direction task machine however even several office effect challenge.", "mark": 7, "start_mark": 14, "end_mark": 14, "btl": 5, "difficulty": "M", "created_by": 1, "priority": 0, "scenario_based": false, "topics": [], "previous_years": []}}, {"model": "questions.question", "pk": 100, "fields": {"created_at": "2023-06-02T10:30:24.014Z", "updated_at": "2023-06-02T10:30:24.014Z", "lesson": 2, "question": "(Database Concepts) = 3 - 4 -- Teach floor expert local shoulder rate mission himself money situation accept throughout sign move.", "answer": "Outside remain pass ok wish executive that call because modern wait to present American actually fine traditional report central suddenly the beat issue your cold themselves next analysis political cause price whose participant site I perhaps threat important glass federal these quickly war while scientist time information word group now American series choice civil half bed agency test team before together three work statement international.", "mark": 2, "start_mark": 3, "end_mark": 4, "btl": 3, "difficulty": "E", "created_by": 1, "priority": 0, "scenario_based": false, "topics": [], "previous_years": []}}, {"model": "questions.question", "pk": 101, "fields": {"created_at": "2023-06-02T10:33:32.023Z", "updated_at": "2023-06-02T10:33:32.023Z", "lesson": 1, "question": "(Python Basics) = 3 - 4 -- Develop media kitchen ask high relate high decision dream dog person become ball stand ready.", "answer": "Item report responsibility instead better doctor pay yard expert hit some everything memory owner sister however hair nearly high last place drug guess other keep stock indeed none account kind much organization great during television sign response top building thousand before reduce kid drop read cultural hope mean few material system goal throughout item fly country music gas include dog similar treat hospital rule small age society enough about.", "mark": 2, "start_mark": 3, "end_mark": 4, "btl": 2, "difficulty": "E", "created_by": 1, "priority": 0, "scenario_based": false, "topics": [], "previous_years": []}}, {"model": "questions.question", "pk": 102, "fields": {"created_at": "2023-06-02T10:33:32.033Z", "updated_at": "2023-06-02T10:33:32.033Z", "lesson": 3, "question": "(Django Models) = 3 - 4 -- To mouth finally same within military consumer whatever step chair need expert later even.", "answer": "Thus join forget argue behavior produce decision believe base wife coach light fast first learn easy clear cell home agreement head enter turn operation she property environment reflect indeed discussion beyond benefit back enjoy party group team something night hope government country open again industry father speak although tree commercial.", "mark": 2, "start_mark": 3, "end_mark": 4, "btl": 2, "difficulty": "M", "created_by": 1, "priority": 0, "scenario_based": false, "topics": [], "previous_years": []}}, {"model": "questions.question", "pk": 103, "fields": {"created_at": "2023-06-02T10:33:32.034Z", "updated_at": "2023-06-02T10:33:32.034Z", "lesson": 3, "question": "(Django Models) = 3 - 4 -- Officer teach yet actually use just control reveal anyone spring civil mother dark.", "answer": "Raise technology between trade admit hotel least worker serve leave consider ground red hard glass natural walk Congress bar even hear during various window bar help its first pass nation send specific democratic talk laugh benefit involve media set region continue nation bit per run language trade case change couple officer major each.", "mark": 2, "start_mark": 3, "end_mark": 4, "btl": 5, "difficulty": "H", "created_by": 1, "priority": 0, "scenario_based": false, "topics": [], "previous_years": []}}, {"model": "questions.question", "pk": 104, "fields": {"created_at": "2023-06-02T10:33:32.036Z", "updated_at": "2023-06-02T10:33:32.036Z", "lesson": 3, "question": "(Django Models) = 2 - 2 -- Discussion political reality of fund allow analysis level officer seek assume business at continue water positive a environment affect also cup fall blue drop.", "answer": "Whole law inside provide security yet then scientist field station million both spend enter budget data system job partner her resource green quickly prepare run five word response effort hospital else push on respond movie eight language necessary life message rock significant somebody still charge Congress media side factor will difference with trouble among employee.", "mark": 1, "start_mark": 2, "end_mark": 2, "btl": 5, "difficulty": "E", "created_by": 1, "priority": 0, "scenario_based": false, "topics": [], "previous_years": []}}, {"model": "questions.question", "pk": 105, "fields": {"created_at": "2023-06-02T10:33:32.037Z", "updated_at": "2023-06-02T10:33:32.037Z", "lesson": 2, "question": "(Database Concepts) = 3 - 4 -- Paper require describe help spring organization foreign car choice now memory choice institution.", "answer": "Safe single example measure modern power after his shoulder sell could too production later value have life wind interest anything action interview manage air attack box there want plan wait thought across sister suggest something example bag husband west certainly pay example design song parent situation early this skill total box trial home which late system cultural policy center partner.", "mark": 2, "start_mark": 3, "end_mark": 4, "btl": 6, "difficulty": "M", "created_by": 1, "priority": 0, "scenario_based": false, "topics": [], "previous_years": []}}, {"model": "questions.question", "pk": 106, "fields": {"created_at": "2023-06-02T10:33:32.039Z", "updated_at": "2023-06-02T10:33:32.039Z", "lesson": 2, "question": "(Database Concepts) = 14 - 14 -- Issue prevent those amount green product address spend approach stop physical their painting will would hard while why arm if.", "answer": "Conference area best bring artist just issue just market answer view as born whose contain trial bad could plant right her sport state itself action case east first matter trip size design probably game seem sense recognize religious him us color floor can soon sell large prove experience.", "mark": 7, "start_mark": 14, "end_mark": 14, "btl": 3, "difficulty": "M", "created_by": 1, "priority": 0, "scenario_based": false, "topics": [], "previous_years": []}}, {"model": "questions.question", "pk": 107, "fields": {"created_at": "2023-06-02T10:33:32.040Z", "updated_at": "2023-06-02T10:33:32.040Z", "lesson": 2, "question": "(Database Concepts) = 2 - 2 -- Education role lay too easy moment week successful how number medical thing air situation draw decision history catch recent stay street such international expert growth.", "answer": "Wind building society system figure training federal under law network trip into between then tell first degree hope different work house Mr design full difference by minute behavior politics use according wife exist card radio rise list store strategy again actually catch especially sing meet check wait newspaper produce can choose field decide such ready simply against get what enjoy sport recent bank official establish trial staff that.", "mark": 1, "start_mark": 2, "end_mark": 2, "btl": 6, "difficulty": "E", "created_by": 1, "priority": 0, "scenario_based": false, "topics": [], "previous_years": []}}, {"model": "questions.question", "pk": 108, "fields": {"created_at": "2023-06-02T10:33:32.042Z", "updated_at": "2023-06-02T10:33:32.042Z", "lesson": 3, "question": "(Django Models) = 14 - 14 -- They news fund top old two sing feel rich instead last relate at less above my relationship strong only which finish table would.", "answer": "Field lead million high subject occur effort street business still son customer card yard avoid sure do child authority little can child attention clear great lay never attention several task well fight would nearly thought lead Mr whose fly conference recently cover different seven notice difficult conference never enter hotel various tax serious coach positive by between raise growth do reflect she region.", "mark": 7, "start_mark": 14, "end_mark": 14, "btl": 6, "difficulty": "M", "created_by": 1, "priority": 0, "scenario_based": false, "topics": [], "previous_years": []}}, {"model": "questions.question", "pk": 109, "fields": {"created_at": "2023-06-02T10:33:32.043Z", "updated_at": "2023-06-02T10:33:32.043Z", "lesson": 3, "question": "(Django Models) = 3 - 4 -- Chair director strong too want try civil education scientist beyond who level last since.", "answer": "Grow eight budget computer piece stand charge by author color protect want occur financial whatever trade line economic rather mission place worker kid thus important to rather low movement ago this particular type fly sure husband admit kitchen hundred close thought audience another nothing offer discussion even her mission technology speak few us hour to me.", "mark": 2, "start_mark": 3, "end_mark": 4, "btl": 2, "difficulty": "E", "created_by": 1, "priority": 0, "scenario_based": false, "topics": [], "previous_years": []}}, {"model": "questions.question", "pk": 110, "fields": {"created_at": "2023-06-02T10:33:32.045Z", "updated_at": "2023-06-02T10:33:32.045Z", "lesson": 2, "question": "(Database Concepts) = 3 - 4 -- Region with soldier card someone nature give little tonight those beat without.", "answer": "Benefit data compare left chance spring trial training threat major consider development staff new two order fact involve song play wish guess soldier recent food major against pressure although good way computer blue wife determine think always Republican exactly push compare his appear discussion who.", "mark": 2, "start_mark": 3, "end_mark": 4, "btl": 5, "difficulty": "M", "created_by": 1, "priority": 0, "scenario_based": false, "topics": [], "previous_years": []}}, {"model": "questions.question", "pk": 111, "fields": {"created_at": "2023-06-02T10:33:32.046Z", "updated_at": "2023-06-02T10:33:32.046Z", "lesson": 3, "question": "(Django Models) = 15 - 16 -- Room firm life voice billion coach consider fight detail late space impact speech attention go choose stage structure we ability protect century college edge.", "answer": "Catch former sometimes south edge movement box account true owner though number crime represent serious computer blood prepare different collection state well early father item herself laugh participant ability big whom look main Democrat federal concern yourself economy speak control newspaper risk its baby real source last voice staff already he score return.", "mark": 8, "start_mark": 15, "end_mark": 16, "btl": 4, "difficulty": "H", "created_by": 1, "priority": 0, "scenario_based": false, "topics": [], "previous_years": []}}, {"model": "questions.question", "pk": 112, "fields": {"created_at": "2023-06-02T10:33:32.048Z", "updated_at": "2023-06-02T10:33:32.048Z", "lesson": 1, "question": "(Python Basics) = 5 - 7 -- Main enjoy new talk history similar likely mind city provide natural late write task reason base need teach.", "answer": "Fly above film newspaper detail her meet use management kind office we majority ever pretty Democrat later treatment system full college center back black through spring most like place store trade beat thousand top ball media help bed catch adult shake trade seem management share plan including professional scientist.", "mark": 3, "start_mark": 5, "end_mark": 7, "btl": 6, "difficulty": "M", "created_by": 1, "priority": 0, "scenario_based": false, "topics": [], "previous_years": []}}, {"model": "questions.question", "pk": 113, "fields": {"created_at": "2023-06-02T10:33:32.049Z", "updated_at": "2023-06-02T10:33:32.049Z", "lesson": 3, "question": "(Django Models) = 15 - 16 -- People dark something chair seat daughter every girl third option together surface color where case place.", "answer": "Reveal level article tell foreign wrong fall bed current tell similar short three guy front whole mention join wall people maybe fight surface forward police pick win however nation still cut write indeed thank through sit money report meeting foreign follow control join exist live treat conference out beyond plan follow where green purpose how draw policy marriage senior resource certain simple these tax ago.", "mark": 8, "start_mark": 15, "end_mark": 16, "btl": 3, "difficulty": "E", "created_by": 1, "priority": 0, "scenario_based": false, "topics": [], "previous_years": []}}, {"model": "questions.question", "pk": 114, "fields": {"created_at": "2023-06-02T10:33:32.051Z", "updated_at": "2023-06-02T10:33:32.051Z", "lesson": 5, "question": "(Django Templates) = 10 - 11 -- Threat save ability response may clear lot but dog join rule husband red address marriage serious wish.", "answer": "Art want guy ok through professor good positive condition above reach relationship number fall man put ok more lot there this bad sound I school anyone just member issue heavy soon public able court performance along line newspaper nor leader pull college better three get growth forget new turn here direction than authority leave rest answer production mean professional parent well inside age letter.", "mark": 5, "start_mark": 10, "end_mark": 11, "btl": 5, "difficulty": "E", "created_by": 1, "priority": 0, "scenario_based": false, "topics": [], "previous_years": []}}, {"model": "questions.question", "pk": 115, "fields": {"created_at": "2023-06-02T10:33:32.052Z", "updated_at": "2023-06-02T10:33:32.052Z", "lesson": 1, "question": "(Python Basics) = 5 - 7 -- Perform build someone compare cover often street natural already actually theory bed.", "answer": "Like throw bed company part meeting war speak drug movie our generation food science current community still resource detail organization paper agent foot campaign cut similar city dog wall up art drug bill sing experience woman purpose you quite identify size college significant start less answer situation strategy west activity start herself if door magazine us job.", "mark": 3, "start_mark": 5, "end_mark": 7, "btl": 3, "difficulty": "H", "created_by": 1, "priority": 0, "scenario_based": false, "topics": [], "previous_years": []}}, {"model": "questions.question", "pk": 116, "fields": {"created_at": "2023-06-02T10:33:32.053Z", "updated_at": "2023-06-02T10:33:32.053Z", "lesson": 1, "question": "(Python Basics) = 12 - 13 -- Training white newspaper oil exist street air father still throw protect animal heavy among south find.", "answer": "Hit toward your between current order sure interest structure space street so than time return yes do together owner follow notice air director be floor sign different walk staff expert action firm state large smile group find protect stand.", "mark": 6, "start_mark": 12, "end_mark": 13, "btl": 5, "difficulty": "E", "created_by": 1, "priority": 0, "scenario_based": false, "topics": [], "previous_years": []}}, {"model": "questions.question", "pk": 117, "fields": {"created_at": "2023-06-02T10:33:32.055Z", "updated_at": "2023-06-02T10:33:32.055Z", "lesson": 1, "question": "(Python Basics) = 15 - 16 -- Suffer company military girl course thank several here newspaper scientist single son answer stay natural.", "answer": "Heart anything forward positive kind help them reason star member property business per TV back then economy knowledge foreign material tax such power successful majority time mind card whom food economy air may region off painting western fear say take animal since eye buy now read specific class on brother lawyer catch hard too government unit often serious health room.", "mark": 8, "start_mark": 15, "end_mark": 16, "btl": 1, "difficulty": "H", "created_by": 1, "priority": 0, "scenario_based": false, "topics": [], "previous_years": []}}, {"model": "questions.question", "pk": 118, "fields": {"created_at": "2023-06-02T10:33:32.057Z", "updated_at": "2023-06-02T10:33:32.057Z", "lesson": 4, "question": "(Django Views) = 14 - 14 -- Account continue too available line own capital beautiful someone too hospital impact nor product production certain leader nor defense management leader film full.", "answer": "Generation than language degree campaign over even recognize agreement way animal brother also likely among begin treat he rest school address play thus nor behind near sell provide smile listen certain painting identify find big two couple dog theory way result despite hospital nation far resource reduce capital glass dark assume arm hit all town within positive.", "mark": 7, "start_mark": 14, "end_mark": 14, "btl": 4, "difficulty": "E", "created_by": 1, "priority": 0, "scenario_based": false, "topics": [], "previous_years": []}}, {"model": "questions.question", "pk": 119, "fields": {"created_at": "2023-06-02T10:33:32.059Z", "updated_at": "2023-06-02T10:33:32.059Z", "lesson": 5, "question": "(Django Templates) = 10 - 11 -- Majority exactly field exist reality note good for low collection record north foreign campaign.", "answer": "According stay first bit radio heart station race try himself American PM what image pull from everyone prove statement fall line chance ever generation professional fire learn care despite fish race serious share president school skin person company teach along pressure may attack system exist sort left floor similar wide most whom.", "mark": 5, "start_mark": 10, "end_mark": 11, "btl": 2, "difficulty": "E", "created_by": 1, "priority": 0, "scenario_based": false, "topics": [], "previous_years": []}}, {"model": "questions.question", "pk": 120, "fields": {"created_at": "2023-06-02T10:33:32.061Z", "updated_at": "2023-06-02T10:33:32.061Z", "lesson": 2, "question": "(Database Concepts) = 10 - 11 -- Least your travel little hear significant skill structure magazine away year old.", "answer": "Agency set cause mother player enough arm note front system base entire than close job turn firm realize speech baby though voice man safe drive realize suffer go central everyone forward thank person according ok first join seven end child key move hold street table.", "mark": 5, "start_mark": 10, "end_mark": 11, "btl": 4, "difficulty": "H", "created_by": 1, "priority": 0, "scenario_based": false, "topics": [], "previous_years": []}}, {"model": "questions.question", "pk": 121, "fields": {"created_at": "2023-06-02T10:33:32.062Z", "updated_at": "2023-06-02T10:33:32.062Z", "lesson": 4, "question": "(Django Views) = 14 - 14 -- Among simply administration here still sport woman continue in soldier other say on network a.", "answer": "Able daughter according price director official lay number officer important put similar difficult community body question history current those customer group themselves town anyone cold ok right hundred he perform strong raise hospital decision then off standard behavior field hundred long number difficult food suggest want finish individual road least couple ago whether though could man happen bill future event.", "mark": 7, "start_mark": 14, "end_mark": 14, "btl": 3, "difficulty": "M", "created_by": 1, "priority": 0, "scenario_based": false, "topics": [], "previous_years": []}}, {"model": "questions.question", "pk": 122, "fields": {"created_at": "2023-06-02T10:33:32.064Z", "updated_at": "2023-06-02T10:33:32.064Z", "lesson": 1, "question": "(Python Basics) = 3 - 4 -- Team least along single father claim culture put central question nature letter former record no age opportunity son allow no low fund question task smile.", "answer": "Certain factor who relationship husband fill live baby beyond trial author member hope center have eat white institution this so artist heavy build specific peace teacher other democratic possible build moment stage so story.", "mark": 2, "start_mark": 3, "end_mark": 4, "btl": 4, "difficulty": "H", "created_by": 1, "priority": 0, "scenario_based": false, "topics": [], "previous_years": []}}, {"model": "questions.question", "pk": 123, "fields": {"created_at": "2023-06-02T10:33:32.066Z", "updated_at": "2023-06-02T10:33:32.066Z", "lesson": 1, "question": "(Python Basics) = 10 - 11 -- War same international remain can issue that town continue bit region evening teach throw well especially.", "answer": "Call despite current Congress performance parent event way break sure open leg myself teach more step open within air idea data property star special work buy cold year our party story forward million picture recognize green society mention for happen.", "mark": 5, "start_mark": 10, "end_mark": 11, "btl": 4, "difficulty": "H", "created_by": 1, "priority": 0, "scenario_based": false, "topics": [], "previous_years": []}}, {"model": "questions.question", "pk": 124, "fields": {"created_at": "2023-06-02T10:33:32.068Z", "updated_at": "2023-06-02T10:33:32.068Z", "lesson": 3, "question": "(Django Models) = 5 - 7 -- Alone month citizen simple American benefit yeah camera blood until car state cup.", "answer": "Scene central guess official bill either series organization knowledge camera accept bring glass town might town raise mind account ability star all high college when wife risk employee pattern bed laugh major thought movie data worker evidence her husband per national middle last so music every democratic former happen leg space treat technology establish central believe prove pass tax data.", "mark": 3, "start_mark": 5, "end_mark": 7, "btl": 4, "difficulty": "H", "created_by": 1, "priority": 0, "scenario_based": false, "topics": [], "previous_years": []}}, {"model": "questions.question", "pk": 125, "fields": {"created_at": "2023-06-02T10:33:32.070Z", "updated_at": "2023-06-02T10:33:32.070Z", "lesson": 3, "question": "(Django Models) = 5 - 7 -- Music us other can attention technology reflect home tax place everyone than thing move think how catch art yet.", "answer": "Occur like resource increase appear page approach mother what perhaps somebody whose measure them red election list late available lose almost interview manager issue marriage support mother all party serve way subject protect section seem she significant rise six land music effect evening thousand white challenge six.", "mark": 3, "start_mark": 5, "end_mark": 7, "btl": 3, "difficulty": "M", "created_by": 1, "priority": 0, "scenario_based": false, "topics": [], "previous_years": []}}, {"model": "questions.question", "pk": 126, "fields": {"created_at": "2023-06-02T10:33:32.072Z", "updated_at": "2023-06-02T10:33:32.072Z", "lesson": 2, "question": "(Database Concepts) = 10 - 11 -- Republican water how win pressure ability degree control able brother guess guy answer.", "answer": "Design another measure admit just successful that exactly defense citizen sort whether PM she dark music little all matter style ground number national nothing country too rest dinner happy well south interesting take mouth not heavy for brother guy forget analysis risk watch politics party always little former because Congress you.", "mark": 5, "start_mark": 10, "end_mark": 11, "btl": 2, "difficulty": "H", "created_by": 1, "priority": 0, "scenario_based": false, "topics": [], "previous_years": []}}, {"model": "questions.question", "pk": 127, "fields": {"created_at": "2023-06-02T10:33:32.075Z", "updated_at": "2023-06-02T10:33:32.075Z", "lesson": 3, "question": "(Django Models) = 14 - 14 -- Build standard million usually must family open traditional your meet so huge determine tonight.", "answer": "Along nice try structure consumer end behavior full letter long fact according would again so table eye instead power choose economic card want edge short rather daughter reflect fill theory buy whether account cut send read age realize rule sing when agent new dinner hair national close keep million station person leader federal yes enjoy visit almost.", "mark": 7, "start_mark": 14, "end_mark": 14, "btl": 2, "difficulty": "E", "created_by": 1, "priority": 0, "scenario_based": false, "topics": [], "previous_years": []}}, {"model": "questions.question", "pk": 128, "fields": {"created_at": "2023-06-02T10:33:32.077Z", "updated_at": "2023-06-02T10:33:32.077Z", "lesson": 5, "question": "(Django Templates) = 15 - 16 -- View plan parent consider local fall style enjoy dinner strong whom involve because effort green may process child thank require.", "answer": "Minute peace office save mention focus order believe speak western top several drop develop focus cell too trial main it down do thing clear close network claim prove cover series section author unit walk represent different cut major machine exist.", "mark": 8, "start_mark": 15, "end_mark": 16, "btl": 1, "difficulty": "M", "created_by": 1, "priority": 0, "scenario_based": false, "topics": [], "previous_years": []}}, {"model": "questions.question", "pk": 129, "fields": {"created_at": "2023-06-02T10:33:32.079Z", "updated_at": "2023-06-02T10:33:32.079Z", "lesson": 3, "question": "(Django Models) = 12 - 13 -- Rate require civil much may certainly pay color final me talk trade time past expert either thing person officer hit keep together exist data.", "answer": "Tax offer government tax Mrs kitchen by than view want message single style picture social view article present draw situation red fear cell a economic country edge call give run represent be purpose without degree choice wind success out ago bank foreign effect well old certainly.", "mark": 6, "start_mark": 12, "end_mark": 13, "btl": 1, "difficulty": "M", "created_by": 1, "priority": 0, "scenario_based": false, "topics": [], "previous_years": []}}, {"model": "questions.question", "pk": 130, "fields": {"created_at": "2023-06-02T10:33:32.081Z", "updated_at": "2023-06-02T10:33:32.081Z", "lesson": 3, "question": "(Django Models) = 3 - 4 -- Gas within car perform wrong someone production exist drop religious election need.", "answer": "Effect himself mean protect treatment easy trade fast agency lawyer decision human whether officer crime book word safe first threat PM hour affect together kid end serious letter citizen worker effect could few simply become environmental impact much opportunity region often various Mr father other available single free whole back play throw east open defense sure writer movie away any science.", "mark": 2, "start_mark": 3, "end_mark": 4, "btl": 2, "difficulty": "E", "created_by": 1, "priority": 0, "scenario_based": false, "topics": [], "previous_years": []}}, {"model": "questions.question", "pk": 131, "fields": {"created_at": "2023-06-02T10:33:32.083Z", "updated_at": "2023-06-05T13:57:47.881Z", "lesson": 2, "question": "(Database Concepts) = 2 - 2 -- Clearly success wind left loss campaign ahead during case act trouble play answer learn president of why daughter reach art listen yet.", "answer": "Military his serious tough different poor discussion view spend remember price let less hair effort population our show finally perform although after clear land left career laugh machine measure form local bring training beat watch major hour run necessary response phone they commercial power pass receive name television bag tell imagine away range real political how gun place address that four.\n", "mark": 1, "start_mark": 2, "end_mark": 2, "btl": 4, "difficulty": "M", "created_by": 1, "priority": 2, "scenario_based": false, "topics": [], "previous_years": [2]}}, {"model": "questions.question", "pk": 132, "fields": {"created_at": "2023-06-02T10:33:32.086Z", "updated_at": "2023-06-02T10:33:32.086Z", "lesson": 4, "question": "(Django Views) = 12 - 13 -- Space strategy score responsibility of story huge would rule suffer here style game tend try.", "answer": "Color gas property couple challenge agree across field school tell coach section past dark clearly home model medical address eight laugh similar new always story act security reveal able opportunity that effort you huge artist identify assume quality threat medical organization drop young.", "mark": 6, "start_mark": 12, "end_mark": 13, "btl": 5, "difficulty": "E", "created_by": 1, "priority": 0, "scenario_based": false, "topics": [], "previous_years": []}}, {"model": "questions.question", "pk": 133, "fields": {"created_at": "2023-06-02T10:33:32.088Z", "updated_at": "2023-06-02T10:33:32.088Z", "lesson": 4, "question": "(Django Views) = 14 - 14 -- Herself method a stuff plan loss young cell local kind space view wear pass store keep medical.", "answer": "Stage thought actually somebody people budget success plant media across war mention impact door eye song thank anything speech list offer after when it attorney firm not party over also trade image he husband character strategy near bed far game leave town story form you leader while remain then which item social car direction base second allow able half forward eye plant shoulder international power idea magazine stand once.", "mark": 7, "start_mark": 14, "end_mark": 14, "btl": 1, "difficulty": "E", "created_by": 1, "priority": 0, "scenario_based": false, "topics": [], "previous_years": []}}, {"model": "questions.question", "pk": 134, "fields": {"created_at": "2023-06-02T10:33:32.090Z", "updated_at": "2023-06-02T10:33:32.090Z", "lesson": 1, "question": "(Python Basics) = 10 - 11 -- Voice early the this drop hour store skill shoulder manager dark visit store television trouble camera everything nothing claim chair.", "answer": "Seem level stand different chance miss describe such floor attorney indicate change bad direction hand evidence before large issue base prove admit act yard interest firm seat rate own almost stuff cause two owner according feel scientist prepare listen road space give your vote president yard happy charge describe heavy determine attack gun purpose race more person simple.", "mark": 5, "start_mark": 10, "end_mark": 11, "btl": 1, "difficulty": "M", "created_by": 1, "priority": 0, "scenario_based": false, "topics": [], "previous_years": []}}, {"model": "questions.question", "pk": 135, "fields": {"created_at": "2023-06-02T10:33:32.091Z", "updated_at": "2023-06-02T10:33:32.091Z", "lesson": 3, "question": "(Django Models) = 3 - 4 -- Late director main writer none husband contain power idea space as trip hard identify wait.", "answer": "Financial accept single bed cut north leg traditional level manager audience bar move individual southern garden paper network little officer west arm view Mrs positive include floor student speak worry that own single right character ahead boy late street focus police feel natural job sport interest street old its phone rich still more Mr first of purpose production yourself adult move create what catch me voice at table though.", "mark": 2, "start_mark": 3, "end_mark": 4, "btl": 6, "difficulty": "H", "created_by": 1, "priority": 0, "scenario_based": false, "topics": [], "previous_years": []}}, {"model": "questions.question", "pk": 136, "fields": {"created_at": "2023-06-02T10:33:32.093Z", "updated_at": "2023-06-02T10:33:32.093Z", "lesson": 5, "question": "(Django Templates) = 3 - 4 -- Information today local bit though magazine staff always assume night stage through local.", "answer": "Television budget focus shake charge late avoid rate money early itself again provide on air something by up suddenly do clearly able front own wait race process two image wrong rest end among even me station prevent grow themselves state relate real talk attack at minute hospital low describe political response opportunity.", "mark": 2, "start_mark": 3, "end_mark": 4, "btl": 6, "difficulty": "H", "created_by": 1, "priority": 0, "scenario_based": false, "topics": [], "previous_years": []}}, {"model": "questions.question", "pk": 137, "fields": {"created_at": "2023-06-02T10:33:32.095Z", "updated_at": "2023-06-02T10:33:32.095Z", "lesson": 5, "question": "(Django Templates) = 10 - 11 -- Issue give cell stock good firm fund woman drive radio you involve wear avoid official.", "answer": "Pass among film require reason job fact tax middle ever despite might product either eye business shake many media message state table water least effect floor security hit issue east effort win think fight toward from cut small less experience bring important south inside evening old card doctor science opportunity continue.", "mark": 5, "start_mark": 10, "end_mark": 11, "btl": 2, "difficulty": "H", "created_by": 1, "priority": 0, "scenario_based": false, "topics": [], "previous_years": []}}, {"model": "questions.question", "pk": 138, "fields": {"created_at": "2023-06-02T10:33:32.097Z", "updated_at": "2023-06-02T10:33:32.097Z", "lesson": 4, "question": "(Django Views) = 14 - 14 -- Control his goal green feel challenge yourself energy decade it some quite show ever should source less decide wear responsibility him question create surface safe drive interest senior.", "answer": "Like article fact college these fund pay security trade including recently seven top school education seek firm quickly somebody job so weight relationship else interest themselves picture none during base walk success write laugh today agency instead choose way discover black result first something prepare memory everybody federal may more drive oil believe less treatment.", "mark": 7, "start_mark": 14, "end_mark": 14, "btl": 4, "difficulty": "E", "created_by": 1, "priority": 0, "scenario_based": false, "topics": [], "previous_years": []}}, {"model": "questions.question", "pk": 139, "fields": {"created_at": "2023-06-02T10:33:32.099Z", "updated_at": "2023-06-02T10:33:32.099Z", "lesson": 1, "question": "(Python Basics) = 10 - 11 -- On process phone blue by us white hour adult family assume face condition maintain sit with teach go team.", "answer": "Effort him would party feeling plan painting detail create detail that remember firm daughter agreement card indicate onto occur respond carry my sometimes account alone campaign kind detail action stock American fire evidence final whom center pattern daughter glass whether senior buy kind although big white analysis value one voice argue.", "mark": 5, "start_mark": 10, "end_mark": 11, "btl": 3, "difficulty": "M", "created_by": 1, "priority": 0, "scenario_based": false, "topics": [], "previous_years": []}}, {"model": "questions.question", "pk": 140, "fields": {"created_at": "2023-06-02T10:33:32.101Z", "updated_at": "2023-06-02T10:33:32.101Z", "lesson": 5, "question": "(Django Templates) = 3 - 4 -- Act language force back language term nice approach not change like owner upon such beat future place much shake small trade.", "answer": "Message moment care capital serious pass bad article national about serious right commercial know get anything TV sense player support happen local town among inside detail now cold mind spend product down trip popular adult course low away be theory significant value perhaps hotel board summer manage response agreement civil stuff dream cultural way.", "mark": 2, "start_mark": 3, "end_mark": 4, "btl": 6, "difficulty": "H", "created_by": 1, "priority": 0, "scenario_based": false, "topics": [], "previous_years": []}}, {"model": "questions.question", "pk": 141, "fields": {"created_at": "2023-06-02T10:33:32.103Z", "updated_at": "2023-06-02T10:33:32.103Z", "lesson": 5, "question": "(Django Templates) = 2 - 2 -- Learn impact mouth contain network series key check listen recently share professional worry strong appear interview expect out whom human TV push imagine fly become throw.", "answer": "Word first job audience play great agent notice garden three entire finish training however letter our both kid factor professional radio do painting main represent film think speech treatment court interview actually pull accept give left society career threat his bad daughter fact security back particularly record five reduce.", "mark": 1, "start_mark": 2, "end_mark": 2, "btl": 2, "difficulty": "M", "created_by": 1, "priority": 0, "scenario_based": false, "topics": [], "previous_years": []}}, {"model": "questions.question", "pk": 142, "fields": {"created_at": "2023-06-02T10:33:32.104Z", "updated_at": "2023-06-02T10:33:32.104Z", "lesson": 2, "question": "(Database Concepts) = 14 - 14 -- Right else story age four say thank really specific add news realize huge start agency study value partner teacher piece rather.", "answer": "Health person back edge story computer have firm black arrive recognize out consider all toward remain fall boy television break young safe language career old wear thank bed measure interesting right already job change side.", "mark": 7, "start_mark": 14, "end_mark": 14, "btl": 3, "difficulty": "H", "created_by": 1, "priority": 0, "scenario_based": false, "topics": [], "previous_years": []}}, {"model": "questions.question", "pk": 143, "fields": {"created_at": "2023-06-02T10:33:32.106Z", "updated_at": "2023-06-02T10:33:32.106Z", "lesson": 3, "question": "(Django Models) = 10 - 11 -- Professional pass time decision lot right month question whose add evening case own station if play break.", "answer": "Follow compare economy somebody determine service now indeed gun they billion page if trade suffer field difference during science operation remember power continue picture mission quality laugh power good skin whole person into natural per fly a drop wonder clearly so market color table hear land wish decide himself national fast allow because.", "mark": 5, "start_mark": 10, "end_mark": 11, "btl": 6, "difficulty": "M", "created_by": 1, "priority": 0, "scenario_based": false, "topics": [], "previous_years": []}}, {"model": "questions.question", "pk": 144, "fields": {"created_at": "2023-06-02T10:33:32.107Z", "updated_at": "2023-06-02T10:33:32.107Z", "lesson": 5, "question": "(Django Templates) = 5 - 7 -- Owner enjoy wait group require with ground marriage shake letter near campaign serious true report discover part analysis do begin return.", "answer": "Walk while beautiful start successful night east traditional store water tough best campaign back our care drive herself firm officer red hundred media attack growth this early go result firm result magazine travel sea Congress public provide and reveal common assume reach turn game.", "mark": 3, "start_mark": 5, "end_mark": 7, "btl": 5, "difficulty": "M", "created_by": 1, "priority": 0, "scenario_based": false, "topics": [], "previous_years": []}}, {"model": "questions.question", "pk": 145, "fields": {"created_at": "2023-06-02T10:33:32.109Z", "updated_at": "2023-06-02T10:33:32.109Z", "lesson": 5, "question": "(Django Templates) = 10 - 11 -- Politics just so hand again tax blood official indeed well area between.", "answer": "Use center unit people writer anyone pretty interview your late meeting front us traditional station resource unit pattern become year American less trade bed least theory pay board yet benefit attention successful road why where condition spring process nearly thing base move board.", "mark": 5, "start_mark": 10, "end_mark": 11, "btl": 3, "difficulty": "M", "created_by": 1, "priority": 0, "scenario_based": false, "topics": [], "previous_years": []}}, {"model": "questions.question", "pk": 146, "fields": {"created_at": "2023-06-02T10:33:32.110Z", "updated_at": "2023-06-02T10:33:32.110Z", "lesson": 2, "question": "(Database Concepts) = 15 - 16 -- Up party speak popular power state old surface test any address increase attention push usually arrive moment.", "answer": "Another consumer into meet news know too only threat simply together possible stock born gas brother when make me somebody either across individual food tax lay network activity matter become give here military wait lay success eye close human marriage health take according side trade picture future series sing from all outside push whose.", "mark": 8, "start_mark": 15, "end_mark": 16, "btl": 1, "difficulty": "H", "created_by": 1, "priority": 0, "scenario_based": false, "topics": [], "previous_years": []}}, {"model": "questions.question", "pk": 147, "fields": {"created_at": "2023-06-02T10:33:32.113Z", "updated_at": "2023-06-02T10:33:32.113Z", "lesson": 4, "question": "(Django Views) = 15 - 16 -- Notice guess control political especially set loss already imagine hour company future pattern art free parent quality.", "answer": "Into for water PM decade campaign finally rest station production not shoulder Republican daughter official red federal mind choose who sign land catch million majority bed low his two miss today mouth ball black field local mind method suffer when property tell man current expert.", "mark": 8, "start_mark": 15, "end_mark": 16, "btl": 2, "difficulty": "E", "created_by": 1, "priority": 0, "scenario_based": false, "topics": [], "previous_years": []}}, {"model": "questions.question", "pk": 148, "fields": {"created_at": "2023-06-02T10:33:32.114Z", "updated_at": "2023-06-02T10:33:32.114Z", "lesson": 1, "question": "(Python Basics) = 5 - 7 -- Question million medical table hair any party ago thank agent something vote.", "answer": "Show would economy how western stay discuss perform prove unit stop pass kind available kitchen challenge contain head president create consider special personal born provide whom measure along state sing ok friend project service shoulder fund.", "mark": 3, "start_mark": 5, "end_mark": 7, "btl": 4, "difficulty": "H", "created_by": 1, "priority": 0, "scenario_based": false, "topics": [], "previous_years": []}}, {"model": "questions.question", "pk": 149, "fields": {"created_at": "2023-06-02T10:33:32.116Z", "updated_at": "2023-06-02T10:33:32.116Z", "lesson": 1, "question": "(Python Basics) = 14 - 14 -- Understand stay or alone to tax then without note art whose their nor per.", "answer": "Want case check talk we American page relationship than billion thank certain chance his people relate center plant strategy author along story take century friend probably hot beyond offer prevent bit answer design beat ever investment we generation issue.", "mark": 7, "start_mark": 14, "end_mark": 14, "btl": 4, "difficulty": "E", "created_by": 1, "priority": 0, "scenario_based": false, "topics": [], "previous_years": []}}, {"model": "questions.question", "pk": 150, "fields": {"created_at": "2023-06-02T10:33:32.118Z", "updated_at": "2023-06-02T10:33:32.118Z", "lesson": 2, "question": "(Database Concepts) = 5 - 7 -- Scene government individual these cover front stop network design citizen my different commercial.", "answer": "Parent lay thousand would defense yes unit research most baby recent field hundred civil laugh present simple though tell race special land answer pretty show walk treat civil rule indicate.", "mark": 3, "start_mark": 5, "end_mark": 7, "btl": 3, "difficulty": "E", "created_by": 1, "priority": 0, "scenario_based": false, "topics": [], "previous_years": []}}, {"model": "questions.question", "pk": 151, "fields": {"created_at": "2023-06-02T10:33:32.119Z", "updated_at": "2023-06-02T10:33:32.119Z", "lesson": 4, "question": "(Django Views) = 8 - 9 -- Allow nature kitchen among half her significant hundred society town of realize affect.", "answer": "Team chair food board position standard chance question mouth table agent decision lose doctor rather girl main standard hard page mission realize together grow your available bed hold service democratic prevent question professional shake name rich stay win add leave next key next seek beat floor consider without check whom and fight image change camera manager director clearly visit million local door against.", "mark": 4, "start_mark": 8, "end_mark": 9, "btl": 6, "difficulty": "H", "created_by": 1, "priority": 0, "scenario_based": false, "topics": [], "previous_years": []}}, {"model": "questions.question", "pk": 152, "fields": {"created_at": "2023-06-02T10:33:32.121Z", "updated_at": "2023-06-02T10:33:32.121Z", "lesson": 5, "question": "(Django Templates) = 14 - 14 -- School page nation drive generation station stop say song trade effect board reason last take.", "answer": "Discussion wonder moment art forget every property mean huge start get ability decade player art color listen city little when or sell PM research risk physical very yes white center rather development part onto all technology former.", "mark": 7, "start_mark": 14, "end_mark": 14, "btl": 5, "difficulty": "M", "created_by": 1, "priority": 0, "scenario_based": false, "topics": [], "previous_years": []}}, {"model": "questions.question", "pk": 153, "fields": {"created_at": "2023-06-02T10:33:32.122Z", "updated_at": "2023-06-02T10:33:32.122Z", "lesson": 2, "question": "(Database Concepts) = 5 - 7 -- Thousand experience down citizen place during several set hospital quite soon really standard check station.", "answer": "Reduce leg school book soon man church news consumer how focus sing president leader story way sort its throughout hot a others better apply him law others answer your how land short source garden race character tend religious whose table sign long there four remember force.", "mark": 3, "start_mark": 5, "end_mark": 7, "btl": 6, "difficulty": "E", "created_by": 1, "priority": 0, "scenario_based": false, "topics": [], "previous_years": []}}, {"model": "questions.question", "pk": 154, "fields": {"created_at": "2023-06-02T10:33:32.124Z", "updated_at": "2023-06-02T10:33:32.124Z", "lesson": 5, "question": "(Django Templates) = 3 - 4 -- Party number continue describe security movement treatment politics wish glass those store laugh more professor drive create practice data consumer traditional.", "answer": "Money represent theory fear industry force generation letter shoulder space almost child heavy someone talk system region prove between hold thus report message plan so range win foreign floor success man.", "mark": 2, "start_mark": 3, "end_mark": 4, "btl": 6, "difficulty": "M", "created_by": 1, "priority": 0, "scenario_based": false, "topics": [], "previous_years": []}}, {"model": "questions.question", "pk": 155, "fields": {"created_at": "2023-06-02T10:33:32.125Z", "updated_at": "2023-06-02T10:33:32.125Z", "lesson": 3, "question": "(Django Models) = 12 - 13 -- Of try not artist management do material hand much none pretty break sense law save call through kitchen film structure discussion political finish realize almost.", "answer": "Management once difference ability easy left late letter approach likely building this enough officer similar girl very available five just few free true food class study bad TV poor office structure under with major finally spend cover get space wife these collection itself himself step debate life.", "mark": 6, "start_mark": 12, "end_mark": 13, "btl": 6, "difficulty": "M", "created_by": 1, "priority": 0, "scenario_based": false, "topics": [], "previous_years": []}}, {"model": "questions.question", "pk": 156, "fields": {"created_at": "2023-06-02T10:33:32.126Z", "updated_at": "2023-06-02T10:33:32.126Z", "lesson": 3, "question": "(Django Models) = 12 - 13 -- Phone campaign natural large hand miss concern result so part if understand wall sort could station political administration from receive will something difficult former month.", "answer": "Executive defense both recognize catch art usually wear after only enough themselves program road brother car environment find technology listen around man outside over night same on pay evidence section explain share risk act sign speak relationship product theory choice big current husband group toward range tell law international art each call believe current case nor start nearly race black wonder.", "mark": 6, "start_mark": 12, "end_mark": 13, "btl": 4, "difficulty": "H", "created_by": 1, "priority": 0, "scenario_based": false, "topics": [], "previous_years": []}}, {"model": "questions.question", "pk": 157, "fields": {"created_at": "2023-06-02T10:33:32.128Z", "updated_at": "2023-06-02T10:33:32.128Z", "lesson": 3, "question": "(Django Models) = 12 - 13 -- Big discussion market laugh tonight professional blood home property operation animal after wrong start quite in most likely site sit fight improve black main claim.", "answer": "Blood reflect power by company have or follow center conference daughter amount call team top billion window must pattern staff new discussion policy long hundred fight happy decision maintain process appear attention social walk look war program third indicate man.", "mark": 6, "start_mark": 12, "end_mark": 13, "btl": 4, "difficulty": "H", "created_by": 1, "priority": 0, "scenario_based": false, "topics": [], "previous_years": []}}, {"model": "questions.question", "pk": 158, "fields": {"created_at": "2023-06-02T10:33:32.130Z", "updated_at": "2023-06-02T10:33:32.130Z", "lesson": 4, "question": "(Django Views) = 12 - 13 -- Education letter other how community another be marriage local head those partner school door mean include a front yes quite computer example significant true police federal.", "answer": "Among interesting build give general buy itself other call where commercial floor age threat how hit leave prove west action speech hotel own available point bad general eye camera million gas surface tell decade affect clear computer affect music four these me month however same nation trade purpose early first.", "mark": 6, "start_mark": 12, "end_mark": 13, "btl": 2, "difficulty": "H", "created_by": 1, "priority": 0, "scenario_based": false, "topics": [], "previous_years": []}}, {"model": "questions.question", "pk": 159, "fields": {"created_at": "2023-06-02T10:33:32.131Z", "updated_at": "2023-06-02T10:33:32.131Z", "lesson": 2, "question": "(Database Concepts) = 10 - 11 -- Drug focus plan shoulder quickly size answer around decision serve floor wrong not.", "answer": "Environmental manage back ten population become look war between member fact itself face happy off yeah cost recognize reality course system knowledge time physical lay hospital small bill above investment with language reach tax majority during social natural look fire everybody political ground my pull officer my rich next method Democrat class.", "mark": 5, "start_mark": 10, "end_mark": 11, "btl": 4, "difficulty": "E", "created_by": 1, "priority": 0, "scenario_based": false, "topics": [], "previous_years": []}}, {"model": "questions.question", "pk": 160, "fields": {"created_at": "2023-06-02T10:33:32.133Z", "updated_at": "2023-06-02T10:33:32.133Z", "lesson": 2, "question": "(Database Concepts) = 3 - 4 -- Garden give gas sound consumer enough say serious music leader pick bad modern control share provide second owner stand score allow leave deal they local test.", "answer": "Others I kitchen still wonder responsibility close soldier three nature property Democrat around if miss suddenly reduce around exactly recently begin despite sea allow measure central standard garden song particular group early bad person prove operation reduce among or along you moment put her truth group yes American college mention laugh economic wait carry director over especially by serious.", "mark": 2, "start_mark": 3, "end_mark": 4, "btl": 3, "difficulty": "M", "created_by": 1, "priority": 0, "scenario_based": false, "topics": [], "previous_years": []}}, {"model": "questions.question", "pk": 161, "fields": {"created_at": "2023-06-02T10:33:32.135Z", "updated_at": "2023-06-02T10:33:32.135Z", "lesson": 4, "question": "(Django Views) = 10 - 11 -- Country else too teacher send national improve soon commercial myself at officer create half.", "answer": "Learn account require true weight loss energy career scientist catch system remain middle position write two month same care eight difference much food which buy worker them support sound set Republican candidate to recently degree direction option shoulder myself reason she source something mouth station star we discussion too action each compare same blue claim season fly wonder tell threat paper college half tough provide person entire speak upon.", "mark": 5, "start_mark": 10, "end_mark": 11, "btl": 4, "difficulty": "H", "created_by": 1, "priority": 0, "scenario_based": false, "topics": [], "previous_years": []}}, {"model": "questions.question", "pk": 162, "fields": {"created_at": "2023-06-02T10:33:32.136Z", "updated_at": "2023-06-02T10:33:32.136Z", "lesson": 3, "question": "(Django Models) = 8 - 9 -- When end analysis at ever degree since very commercial law week music create during should ball support receive member national show.", "answer": "Truth case laugh close between leave tree relationship rich near loss fight behind concern product rock both television national sea then simple current gas evidence why mention trade adult who act light a happy former pull employee sign treat rise image avoid newspaper task eye health into late phone reflect war job stage peace she box education best over pass want how structure each responsibility relationship day power.", "mark": 4, "start_mark": 8, "end_mark": 9, "btl": 6, "difficulty": "H", "created_by": 1, "priority": 0, "scenario_based": false, "topics": [], "previous_years": []}}, {"model": "questions.question", "pk": 163, "fields": {"created_at": "2023-06-02T10:33:32.138Z", "updated_at": "2023-06-02T10:33:32.138Z", "lesson": 5, "question": "(Django Templates) = 12 - 13 -- Thing author great ago help seven fall part situation ten compare better garden worry conference field compare degree will.", "answer": "Thought provide word hard price bit always reflect billion truth live improve year trade quite spend identify everybody artist response different course simply forget range great result check number back they wide girl animal expert bed others challenge can last after opportunity.", "mark": 6, "start_mark": 12, "end_mark": 13, "btl": 6, "difficulty": "H", "created_by": 1, "priority": 0, "scenario_based": false, "topics": [], "previous_years": []}}, {"model": "questions.question", "pk": 164, "fields": {"created_at": "2023-06-02T10:33:32.139Z", "updated_at": "2023-06-02T10:33:32.139Z", "lesson": 4, "question": "(Django Views) = 12 - 13 -- Minute entire no allow different with health along work in friend mention computer magazine task can she game defense account training to.", "answer": "And improve piece certainly member when possible yeah visit season either simply station next reality explain economic PM production tree light measure dark research already past be manager research art our side in production recently decision different personal at already situation certainly yeah citizen job each clear street ago poor keep according threat perhaps most machine part be home another wife fund seat student suggest resource deal back.", "mark": 6, "start_mark": 12, "end_mark": 13, "btl": 3, "difficulty": "H", "created_by": 1, "priority": 0, "scenario_based": false, "topics": [], "previous_years": []}}, {"model": "questions.question", "pk": 165, "fields": {"created_at": "2023-06-02T10:33:32.141Z", "updated_at": "2023-06-02T10:33:32.141Z", "lesson": 2, "question": "(Database Concepts) = 14 - 14 -- Administration until history material eight throughout save right include later available interest dream place instead.", "answer": "Western once how majority because environmental beautiful lead eat short me international son provide reality school agreement themselves result same civil walk capital year city know among street final candidate Democrat close building material leg evidence almost course shoulder world by watch pattern culture like just need interest unit series action enjoy tax to against until oil ability something entire city discover through main.", "mark": 7, "start_mark": 14, "end_mark": 14, "btl": 6, "difficulty": "H", "created_by": 1, "priority": 0, "scenario_based": false, "topics": [], "previous_years": []}}, {"model": "questions.question", "pk": 166, "fields": {"created_at": "2023-06-02T10:33:32.143Z", "updated_at": "2023-06-02T10:33:32.143Z", "lesson": 4, "question": "(Django Views) = 8 - 9 -- Star return trial avoid natural you treatment down safe sort maintain house deal successful likely town media age.", "answer": "Red never tax large industry treatment focus risk write for organization past white believe beautiful our manager industry election reality catch already trouble write Republican tell blue candidate majority investment work worker difficult base front enough mind right country test woman despite begin record international himself eight traditional require always opportunity response run conference near father any never a add institution father forward he news gun result want.", "mark": 4, "start_mark": 8, "end_mark": 9, "btl": 3, "difficulty": "M", "created_by": 1, "priority": 0, "scenario_based": false, "topics": [], "previous_years": []}}, {"model": "questions.question", "pk": 167, "fields": {"created_at": "2023-06-02T10:33:32.144Z", "updated_at": "2023-06-02T10:33:32.144Z", "lesson": 1, "question": "(Python Basics) = 10 - 11 -- Realize way painting decision agency store article skin serious newspaper guy resource weight fear few before out support after under.", "answer": "Stage case front focus leave design improve yard reality family single stand growth personal but table true white trouble minute lot begin use note TV reveal difference first live information key too state capital newspaper if spring dark ground against life future true property soon government.", "mark": 5, "start_mark": 10, "end_mark": 11, "btl": 2, "difficulty": "E", "created_by": 1, "priority": 0, "scenario_based": false, "topics": [], "previous_years": []}}, {"model": "questions.question", "pk": 168, "fields": {"created_at": "2023-06-02T10:33:32.145Z", "updated_at": "2023-06-02T10:33:32.145Z", "lesson": 2, "question": "(Database Concepts) = 10 - 11 -- Note all often the simply together red style surface drive care start ten fill risk occur too community live bit chair.", "answer": "Next bad yourself wind animal yet capital apply understand some expert always site site campaign leave effort along radio theory campaign rest step however probably exist laugh series art military consumer how year respond result skin region choice.", "mark": 5, "start_mark": 10, "end_mark": 11, "btl": 5, "difficulty": "H", "created_by": 1, "priority": 0, "scenario_based": false, "topics": [], "previous_years": []}}, {"model": "questions.question", "pk": 169, "fields": {"created_at": "2023-06-02T10:33:32.147Z", "updated_at": "2023-06-02T10:33:32.147Z", "lesson": 2, "question": "(Database Concepts) = 5 - 7 -- Same whole fish own across visit tax Mr not rather buy himself above.", "answer": "Church consider skin above image likely eat class win cell water save message success tax herself where government apply class prove recognize knowledge several total road star exactly check per nature walk tend force institution stand sound popular report defense situation personal light whether none also both.", "mark": 3, "start_mark": 5, "end_mark": 7, "btl": 6, "difficulty": "M", "created_by": 1, "priority": 0, "scenario_based": false, "topics": [], "previous_years": []}}, {"model": "questions.question", "pk": 170, "fields": {"created_at": "2023-06-02T10:33:32.149Z", "updated_at": "2023-06-02T10:33:32.149Z", "lesson": 5, "question": "(Django Templates) = 15 - 16 -- Call officer agreement sing give imagine none pattern friend parent step former skin could recently firm radio party science most enough common.", "answer": "Before recent power age source animal rather see international defense college several employee oil follow few city always I certainly look meet mention apply eat worker commercial forget structure science billion shake we particular lay tough nothing then raise every decade land.", "mark": 8, "start_mark": 15, "end_mark": 16, "btl": 5, "difficulty": "H", "created_by": 1, "priority": 0, "scenario_based": false, "topics": [], "previous_years": []}}, {"model": "questions.question", "pk": 171, "fields": {"created_at": "2023-06-02T10:33:32.150Z", "updated_at": "2023-06-02T10:33:32.150Z", "lesson": 2, "question": "(Database Concepts) = 8 - 9 -- Sound newspaper huge question crime lot research anyone level his population much claim body see effort investment produce listen gas.", "answer": "Scene somebody him them top memory our force those discuss what its contain leader share many Democrat mother work part century oil marriage late director soon your view north according situation land subject it worry feel season forward into when lot office matter card design hospital likely significant put sister less near before.", "mark": 4, "start_mark": 8, "end_mark": 9, "btl": 2, "difficulty": "H", "created_by": 1, "priority": 0, "scenario_based": false, "topics": [], "previous_years": []}}, {"model": "questions.question", "pk": 172, "fields": {"created_at": "2023-06-02T10:33:32.151Z", "updated_at": "2023-06-02T10:33:32.151Z", "lesson": 3, "question": "(Django Models) = 14 - 14 -- Keep again sometimes least language do sometimes recently subject economic group bit hotel.", "answer": "Push crime beautiful us across cell trial natural husband top few director crime himself by call air open total himself collection police sound statement dog fund member society remember ground civil must focus within yet middle sea cover past style for.", "mark": 7, "start_mark": 14, "end_mark": 14, "btl": 3, "difficulty": "H", "created_by": 1, "priority": 0, "scenario_based": false, "topics": [], "previous_years": []}}, {"model": "questions.question", "pk": 173, "fields": {"created_at": "2023-06-02T10:33:32.153Z", "updated_at": "2023-06-02T10:33:32.153Z", "lesson": 5, "question": "(Django Templates) = 2 - 2 -- Instead themselves hear good image more team beautiful often century feel teacher fine during develop card order television hundred light fast point as war.", "answer": "Table describe affect meet simple nature degree hope who keep itself important meeting accept poor foreign either foreign herself care particular parent miss radio either theory value personal anything remember nature imagine level could affect want word allow space when sea give move PM cultural spring style possible particular population scientist executive help every wide real natural operation international.", "mark": 1, "start_mark": 2, "end_mark": 2, "btl": 2, "difficulty": "M", "created_by": 1, "priority": 0, "scenario_based": false, "topics": [], "previous_years": []}}, {"model": "questions.question", "pk": 174, "fields": {"created_at": "2023-06-02T10:33:32.154Z", "updated_at": "2023-06-02T10:33:32.154Z", "lesson": 2, "question": "(Database Concepts) = 10 - 11 -- Guy wife dog school turn action son mind organization people pretty his marriage issue room right house goal worry.", "answer": "Parent become attack father rock catch black action son despite spring avoid might talk mention speech region suddenly trial beautiful avoid quality offer drop cost where field Mrs control develop new loss necessary fire stand number down story view which threat after subject radio lay.", "mark": 5, "start_mark": 10, "end_mark": 11, "btl": 4, "difficulty": "H", "created_by": 1, "priority": 0, "scenario_based": false, "topics": [], "previous_years": []}}, {"model": "questions.question", "pk": 175, "fields": {"created_at": "2023-06-02T10:33:32.156Z", "updated_at": "2023-06-02T10:33:32.156Z", "lesson": 1, "question": "(Python Basics) = 8 - 9 -- Section about fly and describe meeting year move in itself this likely.", "answer": "Expect week have operation score evidence security be may new art notice box employee born adult sign nearly none I of through conference politics food section age attorney ready measure total involve best say each national us food poor eye protect focus city reality card various ask party another full play else brother form son respond name dark rich less.", "mark": 4, "start_mark": 8, "end_mark": 9, "btl": 3, "difficulty": "H", "created_by": 1, "priority": 0, "scenario_based": false, "topics": [], "previous_years": []}}, {"model": "questions.question", "pk": 176, "fields": {"created_at": "2023-06-02T10:33:32.157Z", "updated_at": "2023-06-02T10:33:32.157Z", "lesson": 2, "question": "(Database Concepts) = 12 - 13 -- Baby own team office girl home difficult development whether voice professor worker exist order shake.", "answer": "Thing job minute there future be buy address institution other force in start mean explain recognize dream design thus statement total heavy down arrive involve month medical suddenly foot television serve kitchen century most speak night dream ago paper every hundred write table hotel social detail wind coach marriage hold other race oil cultural get into often religious group bag whose too total attack keep.", "mark": 6, "start_mark": 12, "end_mark": 13, "btl": 3, "difficulty": "H", "created_by": 1, "priority": 0, "scenario_based": false, "topics": [], "previous_years": []}}, {"model": "questions.question", "pk": 177, "fields": {"created_at": "2023-06-02T10:33:32.159Z", "updated_at": "2023-06-02T10:33:32.159Z", "lesson": 2, "question": "(Database Concepts) = 3 - 4 -- Growth husband really economic join whole position foot you night likely wear wind ready Mrs break first talk during very old raise military.", "answer": "Organization probably you article your method not room someone move good reality vote night tend up mention road voice former course history do bed matter call life defense goal edge way pick find later yet its sell last be car.", "mark": 2, "start_mark": 3, "end_mark": 4, "btl": 6, "difficulty": "E", "created_by": 1, "priority": 0, "scenario_based": false, "topics": [], "previous_years": []}}, {"model": "questions.question", "pk": 178, "fields": {"created_at": "2023-06-02T10:33:32.160Z", "updated_at": "2023-06-02T10:33:32.160Z", "lesson": 3, "question": "(Django Models) = 5 - 7 -- At want range eye sport reveal beyond discover cause visit water movement maybe side challenge past eye teach field Mr.", "answer": "Hit health whose somebody between certain none affect itself this cover fear nearly walk local expert what clear action subject poor arm radio than player mouth notice various per rule man everyone statement write ahead between throw resource be only billion face peace back else turn feeling seven six culture buy treat us also effort true space.", "mark": 3, "start_mark": 5, "end_mark": 7, "btl": 2, "difficulty": "M", "created_by": 1, "priority": 0, "scenario_based": false, "topics": [], "previous_years": []}}, {"model": "questions.question", "pk": 179, "fields": {"created_at": "2023-06-02T10:33:32.162Z", "updated_at": "2023-06-02T10:33:32.162Z", "lesson": 3, "question": "(Django Models) = 5 - 7 -- Vote social against describe single into record power military worry stuff live could though middle all claim because half for.", "answer": "Success difficult contain opportunity international fact score into early life plant west little road risk very find community such bad mouth second world instead occur suffer color newspaper its order war be democratic within catch off human follow under forget fish memory probably truth statement thought even laugh medical change.", "mark": 3, "start_mark": 5, "end_mark": 7, "btl": 5, "difficulty": "M", "created_by": 1, "priority": 0, "scenario_based": false, "topics": [], "previous_years": []}}, {"model": "questions.question", "pk": 180, "fields": {"created_at": "2023-06-02T10:33:32.163Z", "updated_at": "2023-06-02T10:33:32.163Z", "lesson": 3, "question": "(Django Models) = 12 - 13 -- Amount particularly hospital rate point activity form number analysis organization however same report idea skill.", "answer": "Recent goal director economy arrive enough almost measure garden kind ground manage letter fight degree job account environmental available all their development hear note thousand head red act improve already war film leader money senior through particular condition red claim officer statement friend pick hold seem physical special herself describe entire relationship despite trial thing tend success red try interest parent yes cut machine seek.", "mark": 6, "start_mark": 12, "end_mark": 13, "btl": 4, "difficulty": "M", "created_by": 1, "priority": 0, "scenario_based": false, "topics": [], "previous_years": []}}, {"model": "questions.question", "pk": 181, "fields": {"created_at": "2023-06-02T10:33:32.165Z", "updated_at": "2023-06-02T10:33:32.165Z", "lesson": 1, "question": "(Python Basics) = 15 - 16 -- Exist clearly level successful free activity recent quality great sister protect attack first artist other discuss cell.", "answer": "Environment fire travel sing imagine list quite control certainly they again challenge traditional middle notice bring room little land professor season job there although image explain site fact turn though education scientist market president blood training any door find artist feeling soldier sister plan audience matter director your place world article because produce agent mind research serious respond film us gun leg onto both.", "mark": 8, "start_mark": 15, "end_mark": 16, "btl": 1, "difficulty": "M", "created_by": 1, "priority": 0, "scenario_based": false, "topics": [], "previous_years": []}}, {"model": "questions.question", "pk": 182, "fields": {"created_at": "2023-06-02T10:33:32.166Z", "updated_at": "2023-06-02T10:33:32.166Z", "lesson": 1, "question": "(Python Basics) = 10 - 11 -- Play bank partner unit reveal arrive forward sense positive artist prevent despite teacher detail bar that white find the appear style travel whatever finally break though keep current.", "answer": "Reach society leg defense world establish develop outside white support sit military white election will necessary remain air table office side Republican beat listen per bank either material stock out firm.", "mark": 5, "start_mark": 10, "end_mark": 11, "btl": 3, "difficulty": "M", "created_by": 1, "priority": 0, "scenario_based": false, "topics": [], "previous_years": []}}, {"model": "questions.question", "pk": 183, "fields": {"created_at": "2023-06-02T10:33:32.167Z", "updated_at": "2023-06-02T10:33:32.167Z", "lesson": 2, "question": "(Database Concepts) = 10 - 11 -- Interesting care paper nature final effort color prepare arrive dog boy eye.", "answer": "Now rock individual want four they social my forget federal daughter most road live five soldier production either across what crime single herself leg establish main history involve on memory including identify third itself successful almost buy about land past gas social fact able meeting boy everything need magazine home we kid power usually street beautiful notice system behavior play option dark data glass middle position move decision reveal.", "mark": 5, "start_mark": 10, "end_mark": 11, "btl": 6, "difficulty": "M", "created_by": 1, "priority": 0, "scenario_based": false, "topics": [], "previous_years": []}}, {"model": "questions.question", "pk": 184, "fields": {"created_at": "2023-06-02T10:33:32.169Z", "updated_at": "2023-06-02T10:33:32.169Z", "lesson": 1, "question": "(Python Basics) = 3 - 4 -- Parent bad movie positive account eat rest project those leave city could than senior black heavy center war.", "answer": "Share anyone bar short radio young music song down election show per actually likely smile choice consumer partner record relationship performance prove class interview least happen rather use gas factor because tree both include report make manager black still lay something pressure doctor play keep herself source ahead same fall market rest him then imagine action every develop identify upon PM item future reveal top final.", "mark": 2, "start_mark": 3, "end_mark": 4, "btl": 2, "difficulty": "M", "created_by": 1, "priority": 0, "scenario_based": false, "topics": [], "previous_years": []}}, {"model": "questions.question", "pk": 185, "fields": {"created_at": "2023-06-02T10:33:32.170Z", "updated_at": "2023-06-02T10:33:32.170Z", "lesson": 5, "question": "(Django Templates) = 15 - 16 -- Enough financial throughout later rest worker evidence memory east score land prove a audience play hope continue it although little moment understand player spend sign understand western line.", "answer": "Around near drive break name scene put reflect include wrong politics mind experience environmental machine discussion more unit story forget executive chair huge yeah collection our city phone picture floor including member tax knowledge hope ten memory market bring response may together show according success paper treatment make describe.", "mark": 8, "start_mark": 15, "end_mark": 16, "btl": 4, "difficulty": "E", "created_by": 1, "priority": 0, "scenario_based": false, "topics": [], "previous_years": []}}, {"model": "questions.question", "pk": 186, "fields": {"created_at": "2023-06-02T10:33:32.171Z", "updated_at": "2023-06-02T10:33:32.171Z", "lesson": 5, "question": "(Django Templates) = 12 - 13 -- Visit however soon bill same boy goal figure really those town next including.", "answer": "Ready particularly catch Mrs five civil energy traditional civil least poor benefit look camera may prepare person cup knowledge boy those gas option daughter nation vote charge compare wife single media find society at look new miss open bit audience it model someone.", "mark": 6, "start_mark": 12, "end_mark": 13, "btl": 4, "difficulty": "H", "created_by": 1, "priority": 0, "scenario_based": false, "topics": [], "previous_years": []}}, {"model": "questions.question", "pk": 187, "fields": {"created_at": "2023-06-02T10:33:32.173Z", "updated_at": "2023-06-02T10:33:32.173Z", "lesson": 2, "question": "(Database Concepts) = 12 - 13 -- Create mind term about fight choice including subject suddenly more center power religious.", "answer": "Current nation me believe require white wear read best yeah time common exactly play manager out edge sell current color however skill time management teacher care energy under parent activity certain try government good help painting let hard front democratic treat part.", "mark": 6, "start_mark": 12, "end_mark": 13, "btl": 5, "difficulty": "M", "created_by": 1, "priority": 0, "scenario_based": false, "topics": [], "previous_years": []}}, {"model": "questions.question", "pk": 188, "fields": {"created_at": "2023-06-02T10:33:32.174Z", "updated_at": "2023-06-02T10:33:32.174Z", "lesson": 5, "question": "(Django Templates) = 12 - 13 -- Recognize make view dinner case decision pull lose grow couple company likely cost.", "answer": "Do us huge sort writer when Republican likely develop will look sport various ago front center our available war instead understand our cup believe report space still door cell style claim imagine leg recently past share her.", "mark": 6, "start_mark": 12, "end_mark": 13, "btl": 1, "difficulty": "M", "created_by": 1, "priority": 0, "scenario_based": false, "topics": [], "previous_years": []}}, {"model": "questions.question", "pk": 189, "fields": {"created_at": "2023-06-02T10:33:32.176Z", "updated_at": "2023-06-02T10:33:32.176Z", "lesson": 1, "question": "(Python Basics) = 14 - 14 -- Hospital ability good simple federal camera lot turn property behind really rate natural financial.", "answer": "Create stock none five house near nation under compare level international husband yes should again environment cold music training mean occur medical race fish raise should southern attention away money morning these day card institution per suggest partner there manage with tree method.", "mark": 7, "start_mark": 14, "end_mark": 14, "btl": 5, "difficulty": "H", "created_by": 1, "priority": 0, "scenario_based": false, "topics": [], "previous_years": []}}, {"model": "questions.question", "pk": 190, "fields": {"created_at": "2023-06-02T10:33:32.177Z", "updated_at": "2023-06-02T10:33:32.177Z", "lesson": 5, "question": "(Django Templates) = 12 - 13 -- Beautiful another marriage top practice big practice south work relationship trial out contain standard art side expert reflect boy staff material attack.", "answer": "Reduce plant care talk attorney character child color rise them economy his into interest it various field vote administration the professional news tell take source white wrong but democratic practice exist none major play campaign community security measure away issue local rock artist product top than no special next attention.", "mark": 6, "start_mark": 12, "end_mark": 13, "btl": 3, "difficulty": "M", "created_by": 1, "priority": 0, "scenario_based": false, "topics": [], "previous_years": []}}, {"model": "questions.question", "pk": 191, "fields": {"created_at": "2023-06-02T10:33:32.179Z", "updated_at": "2023-06-02T10:33:32.179Z", "lesson": 1, "question": "(Python Basics) = 5 - 7 -- Capital wall middle decide issue table husband game across pay want model idea beautiful lot rate couple watch.", "answer": "Notice level such personal discussion their consider science sort enjoy business first would animal career business with big easy ahead type reveal claim level ahead join machine interest might walk enough receive look whatever impact seek anyone best beat notice ready rise player management bag oil over about thought cut poor message.", "mark": 3, "start_mark": 5, "end_mark": 7, "btl": 1, "difficulty": "E", "created_by": 1, "priority": 0, "scenario_based": false, "topics": [], "previous_years": []}}, {"model": "questions.question", "pk": 192, "fields": {"created_at": "2023-06-02T10:33:32.180Z", "updated_at": "2023-06-02T10:33:32.180Z", "lesson": 5, "question": "(Django Templates) = 2 - 2 -- Democrat beautiful concern often decision pay where trade two of heart president just oil tonight wonder party bit ten.", "answer": "Line record from discover treatment drug list leader customer job themselves on property smile main interesting region one officer purpose resource glass very structure husband task because reveal most history send home chance day any technology big laugh inside resource foot if party citizen talk public different offer white bad finish manage according meet.", "mark": 1, "start_mark": 2, "end_mark": 2, "btl": 4, "difficulty": "E", "created_by": 1, "priority": 0, "scenario_based": false, "topics": [], "previous_years": []}}, {"model": "questions.question", "pk": 193, "fields": {"created_at": "2023-06-02T10:33:32.182Z", "updated_at": "2023-06-02T10:33:32.182Z", "lesson": 5, "question": "(Django Templates) = 15 - 16 -- Congress college collection me assume prepare catch agent citizen leg choose bag yourself where like itself board test fire under kind agent next win sea red media.", "answer": "Growth crime rest beyond maybe total management only hair mission after fight threat throughout ok result voice style chair commercial end simple game network despite deal yeah size owner more usually where method act in hit almost allow yet network save police leader today beautiful Mrs so sister husband guy nature move raise one move.", "mark": 8, "start_mark": 15, "end_mark": 16, "btl": 3, "difficulty": "H", "created_by": 1, "priority": 0, "scenario_based": false, "topics": [], "previous_years": []}}, {"model": "questions.question", "pk": 194, "fields": {"created_at": "2023-06-02T10:33:32.183Z", "updated_at": "2023-06-02T10:33:32.183Z", "lesson": 4, "question": "(Django Views) = 2 - 2 -- Position Mr sing effect stuff short become bad gas toward PM city point assume executive.", "answer": "Ability common war matter east smile already born shake popular thus spring wonder far care weight guess one bring change respond woman bring politics your benefit today drug hot allow kid.", "mark": 1, "start_mark": 2, "end_mark": 2, "btl": 4, "difficulty": "E", "created_by": 1, "priority": 0, "scenario_based": false, "topics": [], "previous_years": []}}, {"model": "questions.question", "pk": 195, "fields": {"created_at": "2023-06-02T10:33:32.185Z", "updated_at": "2023-06-02T10:33:32.185Z", "lesson": 4, "question": "(Django Views) = 14 - 14 -- Congress her hear onto painting daughter operation especially per us maybe wall rock attack trial often various marriage.", "answer": "Hard size gun language city performance free defense leader mention build happen religious analysis television great friend me TV yes chair guess high land past response bill alone ground rock bad plant unit customer change father same north energy quickly executive beyond represent up more research its big situation trade either.", "mark": 7, "start_mark": 14, "end_mark": 14, "btl": 2, "difficulty": "M", "created_by": 1, "priority": 0, "scenario_based": false, "topics": [], "previous_years": []}}, {"model": "questions.question", "pk": 196, "fields": {"created_at": "2023-06-02T10:33:32.187Z", "updated_at": "2023-06-02T10:33:32.187Z", "lesson": 1, "question": "(Python Basics) = 10 - 11 -- Name environmental middle security break itself rock though glass understand model into young his example opportunity.", "answer": "Mouth team hot although together agreement occur class college forget let under certainly opportunity on really bed back sit other full kid job stop send capital gun clear visit political sell race picture memory development should walk eat floor against else candidate firm wide bring morning public eat attorney.", "mark": 5, "start_mark": 10, "end_mark": 11, "btl": 6, "difficulty": "E", "created_by": 1, "priority": 0, "scenario_based": false, "topics": [], "previous_years": []}}, {"model": "questions.question", "pk": 197, "fields": {"created_at": "2023-06-02T10:33:32.188Z", "updated_at": "2023-06-02T10:33:32.188Z", "lesson": 3, "question": "(Django Models) = 12 - 13 -- Any along that Congress apply buy impact conference personal program of myself until beautiful participant himself begin team name listen ground light true control life far.", "answer": "Model participant book show cell probably political rock democratic old recognize cost pretty require political street record owner research to daughter raise mind light method all skin range way source deal about plant notice may hear themselves respond item go wall buy result.", "mark": 6, "start_mark": 12, "end_mark": 13, "btl": 2, "difficulty": "E", "created_by": 1, "priority": 0, "scenario_based": false, "topics": [], "previous_years": []}}, {"model": "questions.question", "pk": 198, "fields": {"created_at": "2023-06-02T10:33:32.189Z", "updated_at": "2023-06-02T10:33:32.189Z", "lesson": 2, "question": "(Database Concepts) = 14 - 14 -- Community avoid machine road but including unit describe operation sometimes edge floor for.", "answer": "Commercial financial citizen hard reveal more nice compare person need art ground whose ok one allow bed catch center fear focus to end current just car sell nearly open reason very whole four cut carry training appear night modern audience bag determine true goal approach yes establish.", "mark": 7, "start_mark": 14, "end_mark": 14, "btl": 4, "difficulty": "H", "created_by": 1, "priority": 0, "scenario_based": false, "topics": [], "previous_years": []}}, {"model": "questions.question", "pk": 199, "fields": {"created_at": "2023-06-02T10:33:32.191Z", "updated_at": "2023-06-05T13:58:03.175Z", "lesson": 2, "question": "(Database Concepts) = 15 - 16 -- Environmental policy operation before door development hour exist agent grow trade person and nothing report fly until food particular save test very Congress way set never conference.", "answer": "Ask any mean nation situation beautiful reveal bed machine writer once beautiful that yeah owner material quickly per kid responsibility child check dark near strategy contain show real lead write mind standard time arrive eat value senior after leg develop wish song hand again rate glass let themselves along station think fire TV practice own according measure raise by.\n", "mark": 8, "start_mark": 15, "end_mark": 16, "btl": 2, "difficulty": "E", "created_by": 1, "priority": 2, "scenario_based": true, "topics": [], "previous_years": [6]}}, {"model": "questions.question", "pk": 247, "fields": {"created_at": "2023-07-07T14:09:17.345Z", "updated_at": "2023-07-07T14:09:17.345Z", "lesson": 5, "question": "(Django Templates) = 2 - 2 -- Natural seven show both others than arm fund and anyone environment fear best kind husband religious simple discuss score form both would laugh recently young film receive.", "answer": "Anyone hair agree my perform data top Congress hundred guess state boy debate town modern operation report Congress room her employee course treatment another character even half morning dark play compare process trial allow project throw sit recognize government study discuss.", "mark": 1, "start_mark": 2, "end_mark": 2, "btl": 3, "difficulty": "E", "created_by": 1, "priority": 0, "scenario_based": false, "topics": [], "previous_years": []}}, {"model": "questions.question", "pk": 248, "fields": {"created_at": "2023-07-07T14:09:17.357Z", "updated_at": "2023-07-07T14:09:17.357Z", "lesson": 2, "question": "(Database Concepts) = 5 - 7 -- White final suffer could discussion skill once understand after again lose collection bar teach difficult standard return system house over.", "answer": "Share performance value option more commercial wait open full recent than us trip not money quite behind few though sort follow day can he day recognize officer rest charge adult allow budget lead recognize seem word pull look firm bad age character join affect safe difficult sign city become her skin allow set take of campaign brother senior energy contain finally.", "mark": 3, "start_mark": 5, "end_mark": 7, "btl": 4, "difficulty": "M", "created_by": 1, "priority": 0, "scenario_based": false, "topics": [], "previous_years": []}}, {"model": "questions.question", "pk": 249, "fields": {"created_at": "2023-07-07T14:09:17.359Z", "updated_at": "2023-07-07T14:09:17.359Z", "lesson": 1, "question": "(Python Basics) = 15 - 16 -- Move spend pick out vote ago agency hot thing goal rich from.", "answer": "Successful seven wonder add sense start test make power involve huge but save word cut support tree argue around low end give green list side feel people president particular whatever seat pattern rich director figure difference seek rule ten half staff movement up old method environment suddenly tough establish city relationship turn down check involve stage these section matter camera Democrat life yard modern.", "mark": 8, "start_mark": 15, "end_mark": 16, "btl": 4, "difficulty": "E", "created_by": 1, "priority": 0, "scenario_based": false, "topics": [], "previous_years": []}}, {"model": "questions.question", "pk": 250, "fields": {"created_at": "2023-07-07T14:09:17.361Z", "updated_at": "2023-07-07T14:09:17.361Z", "lesson": 4, "question": "(Django Views) = 10 - 11 -- Candidate fear state put type letter someone coach new executive station interesting structure get heart but American without around cut unit increase rock among point.", "answer": "Management write attack laugh inside nation would value office about per of this community against better town character field son cover choice girl exist great level word exist month you believe bed bit forget author.", "mark": 5, "start_mark": 10, "end_mark": 11, "btl": 6, "difficulty": "H", "created_by": 1, "priority": 0, "scenario_based": false, "topics": [], "previous_years": []}}, {"model": "questions.question", "pk": 251, "fields": {"created_at": "2023-07-07T14:09:17.363Z", "updated_at": "2023-07-07T14:09:17.363Z", "lesson": 1, "question": "(Python Basics) = 10 - 11 -- Money reason want professional become mind tonight throughout assume reason nothing particularly choose war believe fine moment full that us large reduce debate girl agreement.", "answer": "To pattern foreign western far position trip court detail baby this seek senior development outside stuff whom reflect manage movie woman cup wife expect small expect create front organization result.", "mark": 5, "start_mark": 10, "end_mark": 11, "btl": 1, "difficulty": "H", "created_by": 1, "priority": 0, "scenario_based": false, "topics": [], "previous_years": []}}, {"model": "questions.question", "pk": 252, "fields": {"created_at": "2023-07-07T14:09:17.365Z", "updated_at": "2023-07-07T14:09:17.365Z", "lesson": 3, "question": "(Django Models) = 14 - 14 -- Sort understand line actually main force benefit choice across quite discuss message thousand offer Congress most beat very avoid education concern radio although evidence.", "answer": "Successful American shake chance attention college player remember should gun such summer success situation hand particular activity life your whatever thing sea and responsibility back threat control model major wear cover thousand else leader thank car too beautiful provide determine yes wonder instead week outside born or call consider spring foot get.", "mark": 7, "start_mark": 14, "end_mark": 14, "btl": 4, "difficulty": "E", "created_by": 1, "priority": 0, "scenario_based": false, "topics": [], "previous_years": []}}, {"model": "questions.question", "pk": 253, "fields": {"created_at": "2023-07-07T14:09:17.368Z", "updated_at": "2023-07-07T14:09:17.368Z", "lesson": 4, "question": "(Django Views) = 8 - 9 -- Set defense without letter science kind imagine similar especially official weight mouth conference process pressure weight meeting increase color business everything radio situation member.", "answer": "History writer indeed indicate board arrive cut one couple blue camera wrong democratic take TV mission what sport require here year again pull surface such each provide happy become dark fill hear build market admit head kid.", "mark": 4, "start_mark": 8, "end_mark": 9, "btl": 4, "difficulty": "E", "created_by": 1, "priority": 0, "scenario_based": false, "topics": [], "previous_years": []}}, {"model": "questions.question", "pk": 254, "fields": {"created_at": "2023-07-07T14:09:17.370Z", "updated_at": "2023-07-07T14:09:17.370Z", "lesson": 1, "question": "(Python Basics) = 2 - 2 -- Catch five baby pattern let man most respond whatever I old public admit step often technology matter back mouth worker everybody threat throughout anything able room.", "answer": "Degree company decide west mind road thus owner realize perhaps see left whether child third language option name above design where air military reduce behind prevent fast no mission whose natural first me smile nor know garden much project including talk computer both option against blood court our blood energy.", "mark": 1, "start_mark": 2, "end_mark": 2, "btl": 1, "difficulty": "H", "created_by": 1, "priority": 0, "scenario_based": false, "topics": [], "previous_years": []}}, {"model": "questions.question", "pk": 255, "fields": {"created_at": "2023-07-07T14:09:17.371Z", "updated_at": "2023-07-07T14:09:17.371Z", "lesson": 4, "question": "(Django Views) = 10 - 11 -- People win end key start represent huge cut her TV friend green tough building.", "answer": "Box rule daughter head rest natural election gun activity as whom analysis magazine teacher outside pick focus realize cultural evening suddenly some do century and cost crime end goal of short actually color magazine push whether third conference sign fight financial business support break thought contain energy think.", "mark": 5, "start_mark": 10, "end_mark": 11, "btl": 3, "difficulty": "H", "created_by": 1, "priority": 0, "scenario_based": false, "topics": [], "previous_years": []}}, {"model": "questions.question", "pk": 256, "fields": {"created_at": "2023-07-07T14:09:17.373Z", "updated_at": "2023-07-07T14:09:17.373Z", "lesson": 1, "question": "(Python Basics) = 3 - 4 -- Those old wind market finally cultural throughout should poor summer which once boy lot one.", "answer": "Choose during interview son share administration body most throughout hear by wonder world mind sense learn thank job good chance fall line likely response second lead follow someone throw believe debate capital board.", "mark": 2, "start_mark": 3, "end_mark": 4, "btl": 1, "difficulty": "M", "created_by": 1, "priority": 0, "scenario_based": false, "topics": [], "previous_years": []}}, {"model": "questions.question", "pk": 257, "fields": {"created_at": "2023-07-07T14:09:17.374Z", "updated_at": "2023-07-07T14:09:17.374Z", "lesson": 1, "question": "(Python Basics) = 2 - 2 -- Free bag stay significant high often amount five off stock control oil onto partner general else at list citizen call without.", "answer": "List travel rather friend fear its become life give idea protect move toward arrive child physical trial act poor under house assume opportunity remain list child let avoid per throw sure word baby father election study yeah surface out might month run person soon goal despite could arrive place forward around American ball base executive over best product walk.", "mark": 1, "start_mark": 2, "end_mark": 2, "btl": 3, "difficulty": "H", "created_by": 1, "priority": 0, "scenario_based": false, "topics": [], "previous_years": []}}, {"model": "questions.question", "pk": 258, "fields": {"created_at": "2023-07-07T14:09:17.376Z", "updated_at": "2023-07-07T14:09:17.376Z", "lesson": 1, "question": "(Python Basics) = 3 - 4 -- Only stay population different yard which myself investment young available bag current positive skill country improve.", "answer": "Until want boy mean manager view from see individual west simple science hotel with issue accept financial life finish throughout certain girl week garden of soon blue learn represent thought interview power race front treatment movie see right pressure already camera stay pull official nice person ahead body weight church control can south practice rate send off cover civil bill whose.", "mark": 2, "start_mark": 3, "end_mark": 4, "btl": 3, "difficulty": "H", "created_by": 1, "priority": 0, "scenario_based": false, "topics": [], "previous_years": []}}, {"model": "questions.question", "pk": 259, "fields": {"created_at": "2023-07-07T14:09:17.377Z", "updated_at": "2023-07-07T14:09:17.377Z", "lesson": 2, "question": "(Database Concepts) = 15 - 16 -- Community effect maybe kind box record include alone tree what entire join rule away.", "answer": "Toward start modern lead improve rich figure scene service very across option enough land top environment thing direction so federal tough keep father time south small today ahead kitchen arm simple majority education.", "mark": 8, "start_mark": 15, "end_mark": 16, "btl": 5, "difficulty": "M", "created_by": 1, "priority": 0, "scenario_based": false, "topics": [], "previous_years": []}}, {"model": "questions.question", "pk": 260, "fields": {"created_at": "2023-07-07T14:09:17.378Z", "updated_at": "2023-07-07T14:09:17.378Z", "lesson": 1, "question": "(Python Basics) = 12 - 13 -- Eat fill who worker probably fish discuss investment section word policy way take.", "answer": "Huge trade science three score or account above model Mr throw glass be national early boy require water police compare continue task age learn machine level person trouble perform century their management spend share war power however statement church accept different north represent new team decide claim.", "mark": 6, "start_mark": 12, "end_mark": 13, "btl": 1, "difficulty": "M", "created_by": 1, "priority": 0, "scenario_based": false, "topics": [], "previous_years": []}}, {"model": "questions.question", "pk": 261, "fields": {"created_at": "2023-07-07T14:09:17.380Z", "updated_at": "2023-07-07T14:09:17.380Z", "lesson": 5, "question": "(Django Templates) = 15 - 16 -- Family total stuff boy pay kind water particular rule herself ok stock how.", "answer": "Under gun far growth perhaps find something century organization meet direction phone this key will board standard day tend key hold stock strong total we figure partner then should month finish culture people should while respond people Democrat.", "mark": 8, "start_mark": 15, "end_mark": 16, "btl": 6, "difficulty": "H", "created_by": 1, "priority": 0, "scenario_based": false, "topics": [], "previous_years": []}}, {"model": "questions.question", "pk": 262, "fields": {"created_at": "2023-07-07T14:09:17.382Z", "updated_at": "2023-07-07T14:09:17.382Z", "lesson": 4, "question": "(Django Views) = 5 - 7 -- Bit major gun your control example whole strong see program best American economic town after man trial who data.", "answer": "Lead song model star soldier among smile station expert rate American product in suggest condition table what system from than answer actually range admit seek improve really whom couple case dog owner four budget.", "mark": 3, "start_mark": 5, "end_mark": 7, "btl": 2, "difficulty": "H", "created_by": 1, "priority": 0, "scenario_based": false, "topics": [], "previous_years": []}}, {"model": "questions.question", "pk": 263, "fields": {"created_at": "2023-07-07T14:09:17.384Z", "updated_at": "2023-07-07T14:09:17.384Z", "lesson": 3, "question": "(Django Models) = 3 - 4 -- Arm seat reality agency reason administration move leave song enter need under company phone minute report common better party necessary shoulder customer may instead.", "answer": "Provide friend woman government arm identify according sister car hair key agent one several throughout forward off analysis share although fly picture share it side move quite forget land field than catch its note artist may window north.", "mark": 2, "start_mark": 3, "end_mark": 4, "btl": 1, "difficulty": "H", "created_by": 1, "priority": 0, "scenario_based": false, "topics": [], "previous_years": []}}, {"model": "questions.question", "pk": 264, "fields": {"created_at": "2023-07-07T14:09:17.386Z", "updated_at": "2023-07-07T14:09:17.386Z", "lesson": 2, "question": "(Database Concepts) = 2 - 2 -- Technology young wish magazine house real contain continue group answer raise movement husband soldier.", "answer": "Society without until above break order color spend big population thousand every side page piece strategy become method major science walk senior boy significant say likely believe surface find body machine home friend group police wife their.", "mark": 1, "start_mark": 2, "end_mark": 2, "btl": 1, "difficulty": "E", "created_by": 1, "priority": 0, "scenario_based": false, "topics": [], "previous_years": []}}, {"model": "questions.question", "pk": 265, "fields": {"created_at": "2023-07-07T14:09:17.387Z", "updated_at": "2023-07-07T14:09:17.387Z", "lesson": 2, "question": "(Database Concepts) = 10 - 11 -- Know south attack day available seem from hair officer executive beat north subject many.", "answer": "Forget range computer become focus new yeah too realize adult be something guess picture policy current term billion media bring tonight unit Congress hospital and we we education write miss long establish particular indicate guy any event mind realize rise star agreement production under stuff worker benefit name discussion manager thus positive billion artist run wear set play particular anything worry similar inside yard.", "mark": 5, "start_mark": 10, "end_mark": 11, "btl": 1, "difficulty": "E", "created_by": 1, "priority": 0, "scenario_based": false, "topics": [], "previous_years": []}}, {"model": "questions.question", "pk": 266, "fields": {"created_at": "2023-07-07T14:09:17.389Z", "updated_at": "2023-07-07T14:09:17.389Z", "lesson": 4, "question": "(Django Views) = 12 - 13 -- Compare should pressure message opportunity expert address section push air try range area by both.", "answer": "Tell green even into present value over own action mouth whole doctor personal four black nation front side nothing good go Congress know car those ever car imagine into song little few let make their head daughter though leave wrong all site able ever that eight ask feel policy avoid head hit.", "mark": 6, "start_mark": 12, "end_mark": 13, "btl": 5, "difficulty": "M", "created_by": 1, "priority": 0, "scenario_based": false, "topics": [], "previous_years": []}}, {"model": "questions.question", "pk": 267, "fields": {"created_at": "2023-07-07T14:09:17.390Z", "updated_at": "2023-07-07T14:09:17.390Z", "lesson": 5, "question": "(Django Templates) = 2 - 2 -- Worry cover commercial boy road do step trial year owner view morning part recognize under live standard else statement health.", "answer": "Capital decade wonder result of simple degree form detail series mission treatment natural source too seat treat part story collection culture might usually he time price year hard reach situation race rate international himself enough imagine there kind floor media majority imagine final skill stay memory rather technology exactly listen street thank hour and increase act baby treat meet red.", "mark": 1, "start_mark": 2, "end_mark": 2, "btl": 3, "difficulty": "E", "created_by": 1, "priority": 0, "scenario_based": false, "topics": [], "previous_years": []}}, {"model": "questions.question", "pk": 268, "fields": {"created_at": "2023-07-07T14:09:17.391Z", "updated_at": "2023-07-07T14:09:17.391Z", "lesson": 3, "question": "(Django Models) = 14 - 14 -- May mind information eat probably necessary financial music including discover civil until impact network increase place law even effort strategy most spring it decision off.", "answer": "Only great scientist hair address enough public expect country blood billion conference technology beautiful new traditional choose hot debate laugh pass reveal officer shake six our admit response meeting figure day hear sea never market news better quality production lead deep success million seek necessary opportunity break.", "mark": 7, "start_mark": 14, "end_mark": 14, "btl": 6, "difficulty": "E", "created_by": 1, "priority": 0, "scenario_based": false, "topics": [], "previous_years": []}}, {"model": "questions.question", "pk": 269, "fields": {"created_at": "2023-07-07T14:09:17.393Z", "updated_at": "2023-07-07T14:09:17.393Z", "lesson": 5, "question": "(Django Templates) = 12 - 13 -- Reason staff just song network claim remember since body garden peace employee talk popular authority data pressure effect heavy physical reason consumer need only decide.", "answer": "Book company actually magazine eight in senior successful start you whether treatment loss very name rock others consider he nation night doctor major walk understand goal dinner pick one go between.", "mark": 6, "start_mark": 12, "end_mark": 13, "btl": 1, "difficulty": "H", "created_by": 1, "priority": 0, "scenario_based": false, "topics": [], "previous_years": []}}, {"model": "questions.question", "pk": 270, "fields": {"created_at": "2023-07-07T14:09:17.394Z", "updated_at": "2023-07-07T14:09:17.394Z", "lesson": 2, "question": "(Database Concepts) = 8 - 9 -- Arrive include sense require table including wall effect single team recently through career the.", "answer": "Common item cold agreement appear gun plant doctor role sing capital our environmental low huge by beyond evening Republican wait employee traditional trip that forward girl black assume agree piece actually production charge.", "mark": 4, "start_mark": 8, "end_mark": 9, "btl": 6, "difficulty": "H", "created_by": 1, "priority": 0, "scenario_based": false, "topics": [], "previous_years": []}}, {"model": "questions.question", "pk": 271, "fields": {"created_at": "2023-07-07T14:09:17.396Z", "updated_at": "2023-07-07T14:09:17.396Z", "lesson": 4, "question": "(Django Views) = 3 - 4 -- Court life hard structure cell any PM media present maybe others suggest work huge guy difficult serious scientist.", "answer": "Decision cause a especially low standard later individual while year your manager science decade north certainly prevent change system whatever race yet method if deep friend fast TV boy major require theory effect mother hotel send.", "mark": 2, "start_mark": 3, "end_mark": 4, "btl": 2, "difficulty": "M", "created_by": 1, "priority": 0, "scenario_based": false, "topics": [], "previous_years": []}}, {"model": "questions.question", "pk": 272, "fields": {"created_at": "2023-07-07T14:09:17.397Z", "updated_at": "2023-07-07T14:09:17.397Z", "lesson": 5, "question": "(Django Templates) = 8 - 9 -- Break bit market stay specific another fact garden college might thousand lot me page not range population glass word.", "answer": "Us provide anything about gun figure recent page campaign summer adult heavy system moment garden board suddenly speak world finally say economic provide house now but impact politics west still husband.", "mark": 4, "start_mark": 8, "end_mark": 9, "btl": 5, "difficulty": "M", "created_by": 1, "priority": 0, "scenario_based": false, "topics": [], "previous_years": []}}, {"model": "questions.question", "pk": 273, "fields": {"created_at": "2023-07-07T14:09:17.398Z", "updated_at": "2023-07-07T14:09:17.398Z", "lesson": 2, "question": "(Database Concepts) = 15 - 16 -- Close fear indicate lawyer certainly about recent hand record summer energy early use.", "answer": "Value end for town protect window result production option he center kind power couple later make early discuss add amount she ok huge key several student pick drop clearly choice north range challenge stand movie direction involve several kitchen including leave environmental still second establish fly we.", "mark": 8, "start_mark": 15, "end_mark": 16, "btl": 3, "difficulty": "E", "created_by": 1, "priority": 0, "scenario_based": false, "topics": [], "previous_years": []}}, {"model": "questions.question", "pk": 274, "fields": {"created_at": "2023-07-07T14:09:17.400Z", "updated_at": "2023-07-07T14:09:17.400Z", "lesson": 2, "question": "(Database Concepts) = 15 - 16 -- Lay perform however doctor knowledge animal husband detail prepare tonight answer if this arrive at.", "answer": "System skin then own reason different reality note increase letter foot management party involve step ground employee successful morning animal mention choose field heart school face political kitchen close police we raise bill where population thing require night continue think result image short worry effect little for quickly.", "mark": 8, "start_mark": 15, "end_mark": 16, "btl": 5, "difficulty": "E", "created_by": 1, "priority": 0, "scenario_based": false, "topics": [], "previous_years": []}}, {"model": "questions.question", "pk": 275, "fields": {"created_at": "2023-07-07T14:09:17.401Z", "updated_at": "2023-07-07T14:09:17.401Z", "lesson": 5, "question": "(Django Templates) = 5 - 7 -- Certainly give off rather choose whose establish listen less teach suggest explain be you oil order hit either game technology water close stock politics.", "answer": "Such newspaper discover ability base school cover above contain central consumer upon as interesting benefit through oil red second energy trial war poor always loss her meet control growth decision no debate account always choose bank assume fact recently probably themselves resource but realize natural their much.", "mark": 3, "start_mark": 5, "end_mark": 7, "btl": 3, "difficulty": "H", "created_by": 1, "priority": 0, "scenario_based": false, "topics": [], "previous_years": []}}, {"model": "questions.question", "pk": 276, "fields": {"created_at": "2023-07-07T14:09:17.402Z", "updated_at": "2023-07-07T14:09:17.402Z", "lesson": 2, "question": "(Database Concepts) = 10 - 11 -- Later material much hundred two executive mention industry ground final fear until.", "answer": "Everyone trouble then least among eat look southern if process blood likely wrong card car politics of pattern question weight decision west although blood customer commercial far institution blood establish still south.", "mark": 5, "start_mark": 10, "end_mark": 11, "btl": 1, "difficulty": "M", "created_by": 1, "priority": 0, "scenario_based": false, "topics": [], "previous_years": []}}, {"model": "questions.question", "pk": 277, "fields": {"created_at": "2023-07-07T14:09:17.403Z", "updated_at": "2023-07-07T14:09:17.403Z", "lesson": 4, "question": "(Django Views) = 2 - 2 -- System head laugh increase environment high Mrs wife wait year field voice top major lot buy.", "answer": "Edge candidate money else sure shoulder make up debate all such two make cut quality when around majority which speak himself special small argue foot although road worry store would sure class.", "mark": 1, "start_mark": 2, "end_mark": 2, "btl": 5, "difficulty": "M", "created_by": 1, "priority": 0, "scenario_based": false, "topics": [], "previous_years": []}}, {"model": "questions.question", "pk": 278, "fields": {"created_at": "2023-07-07T14:09:17.405Z", "updated_at": "2023-07-07T14:09:17.405Z", "lesson": 4, "question": "(Django Views) = 2 - 2 -- Former western represent Mr cold senior plan pattern suddenly particularly beyond miss city rock place far public.", "answer": "During at interesting number win long clear student city prevent man lawyer good bring can child voice might cultural table yes half cost half authority weight street cut rich attack join choice local what thing instead drug official collection here add until really writer others.", "mark": 1, "start_mark": 2, "end_mark": 2, "btl": 6, "difficulty": "M", "created_by": 1, "priority": 0, "scenario_based": false, "topics": [], "previous_years": []}}, {"model": "questions.question", "pk": 279, "fields": {"created_at": "2023-07-07T14:09:17.406Z", "updated_at": "2023-07-07T14:09:17.406Z", "lesson": 5, "question": "(Django Templates) = 8 - 9 -- Unit over west major right model peace not population prevent listen do get truth upon important suddenly.", "answer": "Agent increase agency find strong mouth close than must see list some never international support type left over community today agreement rule drug raise employee face approach soldier energy car prevent foot next.", "mark": 4, "start_mark": 8, "end_mark": 9, "btl": 1, "difficulty": "H", "created_by": 1, "priority": 0, "scenario_based": false, "topics": [], "previous_years": []}}, {"model": "questions.question", "pk": 280, "fields": {"created_at": "2023-07-07T14:09:17.408Z", "updated_at": "2023-07-07T14:09:17.408Z", "lesson": 3, "question": "(Django Models) = 3 - 4 -- Represent those since truth cup run our rich card program run better evidence.", "answer": "Add various no brother police for machine military benefit onto how investment world significant become from drug street local continue popular type bill spend station item head until stay decide evidence example gun visit kind similar good what would threat movie lawyer music serious usually cell live total ago wear wear if nor now trouble before set oil later simply.", "mark": 2, "start_mark": 3, "end_mark": 4, "btl": 2, "difficulty": "E", "created_by": 1, "priority": 0, "scenario_based": false, "topics": [], "previous_years": []}}, {"model": "questions.question", "pk": 281, "fields": {"created_at": "2023-07-07T14:09:17.409Z", "updated_at": "2023-07-07T14:09:17.409Z", "lesson": 3, "question": "(Django Models) = 10 - 11 -- Perform contain per left such culture particular strong tax before ready never politics respond attack father ago catch.", "answer": "Small example source anything dark somebody trip find better seven worker wrong clear natural human child left state establish hold wish either successful room in school sure direction wish part project too song stock month talk very sure class its may choice their section cause area billion quality born cost move fund eye.", "mark": 5, "start_mark": 10, "end_mark": 11, "btl": 2, "difficulty": "E", "created_by": 1, "priority": 0, "scenario_based": false, "topics": [], "previous_years": []}}, {"model": "questions.question", "pk": 282, "fields": {"created_at": "2023-07-07T14:09:17.410Z", "updated_at": "2023-07-07T14:09:17.410Z", "lesson": 5, "question": "(Django Templates) = 5 - 7 -- American himself responsibility whose whose close price find meet town involve however prevent summer current vote bed above agency defense watch nearly describe drug southern summer.", "answer": "Oil drive rise wide cause leg physical start field station region outside top rate significant or friend describe heart there anyone place key miss free marriage fire market girl country morning occur letter range wish myself writer instead building guess lot ago go consumer fall true pay respond lead in act activity plant with member security either team back then special even institution.", "mark": 3, "start_mark": 5, "end_mark": 7, "btl": 4, "difficulty": "H", "created_by": 1, "priority": 0, "scenario_based": false, "topics": [], "previous_years": []}}, {"model": "questions.question", "pk": 283, "fields": {"created_at": "2023-07-07T14:09:17.412Z", "updated_at": "2023-07-07T14:09:17.412Z", "lesson": 5, "question": "(Django Templates) = 10 - 11 -- Painting decision skill page stage current space nothing night commercial the series view if myself take sort father.", "answer": "Industry price skin require bring itself than him history sell drug any serious democratic between deal military position against kid teacher break reality cut before all such man lay vote marriage sea edge responsibility free candidate poor whose hear across wrong writer despite same task unit type them carry she source discussion hundred economic or wife about inside street report again until.", "mark": 5, "start_mark": 10, "end_mark": 11, "btl": 3, "difficulty": "H", "created_by": 1, "priority": 0, "scenario_based": false, "topics": [], "previous_years": []}}, {"model": "questions.question", "pk": 284, "fields": {"created_at": "2023-07-07T14:09:17.413Z", "updated_at": "2023-07-07T14:09:17.413Z", "lesson": 5, "question": "(Django Templates) = 2 - 2 -- Compare huge no poor we wind follow series case professor also poor a decide defense before view though.", "answer": "Recently figure coach training television walk sit art consider involve candidate almost matter next he they minute magazine week woman already interest local because marriage discussion model pretty improve film response even whole recent better new fire determine effort score administration animal new its most phone believe down Republican best image you all still require strong.", "mark": 1, "start_mark": 2, "end_mark": 2, "btl": 6, "difficulty": "M", "created_by": 1, "priority": 0, "scenario_based": false, "topics": [], "previous_years": []}}, {"model": "questions.question", "pk": 285, "fields": {"created_at": "2023-07-07T14:09:17.414Z", "updated_at": "2023-07-07T14:09:17.414Z", "lesson": 4, "question": "(Django Views) = 10 - 11 -- Degree include seat strategy kitchen at similar win office could dream often around music seek senior hot their white tonight water yes card Mr.", "answer": "Above policy sit the threat prevent lead among customer fast natural enter wrong window individual decision choose off grow soon food message else end water strong officer teach old figure space member rise.", "mark": 5, "start_mark": 10, "end_mark": 11, "btl": 6, "difficulty": "H", "created_by": 1, "priority": 0, "scenario_based": false, "topics": [], "previous_years": []}}, {"model": "questions.question", "pk": 286, "fields": {"created_at": "2023-07-07T14:09:17.416Z", "updated_at": "2023-07-07T14:09:17.416Z", "lesson": 1, "question": "(Python Basics) = 12 - 13 -- Thought western kind three kind decide no actually south voice until he material manage change thought coach ahead class.", "answer": "Manage including say talk street else indeed system same customer team vote send car stock necessary fact find majority thing message great case with couple truth throughout PM develop traditional worker seem detail explain third hair out Mrs garden arrive between fast little simple leg radio can process by responsibility guess machine star community answer kind determine again simply race institution oil.", "mark": 6, "start_mark": 12, "end_mark": 13, "btl": 5, "difficulty": "H", "created_by": 1, "priority": 0, "scenario_based": false, "topics": [], "previous_years": []}}, {"model": "questions.question", "pk": 287, "fields": {"created_at": "2023-07-07T14:09:17.417Z", "updated_at": "2023-07-07T14:09:17.417Z", "lesson": 3, "question": "(Django Models) = 14 - 14 -- Cell attorney under performance list reason second history consumer join raise maybe public whole control nor edge.", "answer": "Within down purpose economy TV treat almost economy hour receive child benefit tend population direction grow on light college its wrong together yeah talk because no candidate I include six either free brother skin whose area type back figure south opportunity hand technology air star religious by soldier production vote decade stock note between understand change how run analysis.", "mark": 7, "start_mark": 14, "end_mark": 14, "btl": 4, "difficulty": "E", "created_by": 1, "priority": 0, "scenario_based": false, "topics": [], "previous_years": []}}, {"model": "questions.question", "pk": 288, "fields": {"created_at": "2023-07-07T14:09:17.418Z", "updated_at": "2023-07-07T14:09:17.418Z", "lesson": 2, "question": "(Database Concepts) = 14 - 14 -- Carry hospital large around house situation receive attack least under rise film bag Mrs doctor safe threat north this pattern cup politics thing.", "answer": "Goal executive less item lot machine have wife really war how family whole morning central travel too no understand front recognize our visit too hot everyone decision leave blood artist success she between service husband stop consumer shake significant himself whole writer guess detail town believe source theory style operation a chance her business perhaps morning list add draw smile discover mind third former approach laugh discussion.", "mark": 7, "start_mark": 14, "end_mark": 14, "btl": 2, "difficulty": "M", "created_by": 1, "priority": 0, "scenario_based": false, "topics": [], "previous_years": []}}, {"model": "questions.question", "pk": 289, "fields": {"created_at": "2023-07-07T14:09:17.420Z", "updated_at": "2023-07-07T14:09:17.420Z", "lesson": 5, "question": "(Django Templates) = 8 - 9 -- Case build among get mind agreement anyone have more page garden almost bill now word professional spring also customer.", "answer": "If probably experience street serious even move method hope shake medical similar firm us speak give fight peace guess perform find decade eight response realize season far prevent imagine similar expect relate rest opportunity model report magazine draw newspaper environment hour professor fish news remember again within relationship adult sense owner record soon where indicate.", "mark": 4, "start_mark": 8, "end_mark": 9, "btl": 6, "difficulty": "M", "created_by": 1, "priority": 0, "scenario_based": false, "topics": [], "previous_years": []}}, {"model": "questions.question", "pk": 290, "fields": {"created_at": "2023-07-07T14:09:17.421Z", "updated_at": "2023-07-07T14:09:17.421Z", "lesson": 2, "question": "(Database Concepts) = 10 - 11 -- Fund consumer learn sort at training would firm voice manage suddenly skill simple heart director return positive capital feel term true compare camera claim some word.", "answer": "Career teacher able catch attack similar some always investment whom onto take police old cell detail do size worker first every travel American piece knowledge thought around authority still much responsibility edge book out election red recent building owner cell short term total us dinner fall on race exist option series seat order Congress mean more by main visit event good either dinner down event respond add TV should stand.", "mark": 5, "start_mark": 10, "end_mark": 11, "btl": 3, "difficulty": "E", "created_by": 1, "priority": 0, "scenario_based": false, "topics": [], "previous_years": []}}, {"model": "questions.question", "pk": 291, "fields": {"created_at": "2023-07-07T14:09:17.423Z", "updated_at": "2023-07-07T14:09:17.423Z", "lesson": 3, "question": "(Django Models) = 8 - 9 -- Strategy lawyer itself weight provide customer maybe task class large what chair process moment operation husband country financial.", "answer": "Wear color customer civil know hair bank high knowledge if skill much everyone memory admit water child skin step read I avoid foot character ground cup tend again remember poor night building green ready thought decision note nothing these chair drug condition total special I pull choice century western nice candidate project like piece affect small however question production outside party bag time coach national red suffer.", "mark": 4, "start_mark": 8, "end_mark": 9, "btl": 4, "difficulty": "E", "created_by": 1, "priority": 0, "scenario_based": false, "topics": [], "previous_years": []}}, {"model": "questions.question", "pk": 292, "fields": {"created_at": "2023-07-07T14:09:17.424Z", "updated_at": "2023-07-07T14:09:17.424Z", "lesson": 3, "question": "(Django Models) = 10 - 11 -- Plan morning cultural laugh something stuff quality take already save admit project.", "answer": "Nor after five support mention support government wall foreign minute suggest brother less allow rise family walk us fly miss economy form sit building improve also political student look car court close west amount industry risk floor he wrong front face budget stuff out mean see everything generation along technology material alone where keep discover near sure help understand law add.", "mark": 5, "start_mark": 10, "end_mark": 11, "btl": 4, "difficulty": "M", "created_by": 1, "priority": 0, "scenario_based": false, "topics": [], "previous_years": []}}, {"model": "questions.question", "pk": 293, "fields": {"created_at": "2023-07-07T14:09:17.426Z", "updated_at": "2023-07-07T14:09:17.426Z", "lesson": 4, "question": "(Django Views) = 5 - 7 -- Employee cost think require gun hand eight act city citizen cost then possible such according coach actually activity common claim smile four recent low on couple.", "answer": "Ball story sense keep heavy stop actually responsibility ten important card turn Congress sort fish woman if window start least region production what past during media laugh run dog cut consumer the head event place deep cause picture day.", "mark": 3, "start_mark": 5, "end_mark": 7, "btl": 2, "difficulty": "H", "created_by": 1, "priority": 0, "scenario_based": false, "topics": [], "previous_years": []}}, {"model": "questions.question", "pk": 294, "fields": {"created_at": "2023-07-07T14:09:17.427Z", "updated_at": "2023-07-07T14:09:17.427Z", "lesson": 1, "question": "(Python Basics) = 10 - 11 -- Might whole hold girl thing story describe effort do question budget about tree design fish federal less behind collection face miss risk.", "answer": "Player not institution rich participant wind chance act civil say audience those move happen father family yet clear mean night parent operation green go almost name show instead go turn policy let under be maintain.", "mark": 5, "start_mark": 10, "end_mark": 11, "btl": 1, "difficulty": "H", "created_by": 1, "priority": 0, "scenario_based": false, "topics": [], "previous_years": []}}, {"model": "questions.question", "pk": 295, "fields": {"created_at": "2023-07-07T14:09:17.428Z", "updated_at": "2023-07-07T14:09:17.428Z", "lesson": 4, "question": "(Django Views) = 8 - 9 -- Feel budget my world onto exist share alone why air state act approach part than above cultural ask material radio industry certainly material under relationship necessary.", "answer": "Exactly road recent life send understand eat total no Mrs account someone decide page each own upon individual baby arrive compare unit about single wall character down very now shoulder resource seem activity remember impact two nearly executive resource population really relationship country traditional economic loss very window camera sister language there.", "mark": 4, "start_mark": 8, "end_mark": 9, "btl": 2, "difficulty": "M", "created_by": 1, "priority": 0, "scenario_based": false, "topics": [], "previous_years": []}}, {"model": "questions.question", "pk": 296, "fields": {"created_at": "2023-07-07T14:09:17.430Z", "updated_at": "2023-07-07T14:09:17.430Z", "lesson": 4, "question": "(Django Views) = 5 - 7 -- Serve manager bill respond dog before car improve control that drive national represent analysis so PM ten discover help fight.", "answer": "Play wall common air property million simple front book child it care near hair if good off cold development at poor star job measure can event next early heavy purpose business security large grow lose source region scientist class successful control including down enter their unit security continue best trip where smile individual staff matter anything his response mouth beautiful environmental exactly many majority.", "mark": 3, "start_mark": 5, "end_mark": 7, "btl": 5, "difficulty": "E", "created_by": 1, "priority": 0, "scenario_based": false, "topics": [], "previous_years": []}}, {"model": "questions.question", "pk": 297, "fields": {"created_at": "2023-07-07T14:09:17.431Z", "updated_at": "2023-07-07T14:09:17.431Z", "lesson": 3, "question": "(Django Models) = 14 - 14 -- Seven check win cold reflect moment risk kitchen by memory imagine structure light assume exist month large.", "answer": "Usually particularly in difficult food himself site heavy stock tend purpose house street really name image inside though history tree often short current south state local somebody cover sport really forward activity address season onto possible make care left civil guess the base new candidate turn imagine nothing success serve above stand brother real wide wind fine past move land leader increase.", "mark": 7, "start_mark": 14, "end_mark": 14, "btl": 4, "difficulty": "H", "created_by": 1, "priority": 0, "scenario_based": false, "topics": [], "previous_years": []}}, {"model": "questions.question", "pk": 298, "fields": {"created_at": "2023-07-07T14:09:17.432Z", "updated_at": "2023-07-07T14:09:17.432Z", "lesson": 3, "question": "(Django Models) = 12 - 13 -- Responsibility cell stock participant from assume live media reduce yourself including establish state rock town management ability policy long memory type last back play oil feeling meet.", "answer": "Image state reality much no yourself local TV threat however site customer citizen same scene off almost story near minute course laugh instead move trial find thousand performance local main example I Congress seven all you speak matter analysis job experience condition return get drug single open member over whole blue give such out lose beyond.", "mark": 6, "start_mark": 12, "end_mark": 13, "btl": 1, "difficulty": "E", "created_by": 1, "priority": 0, "scenario_based": false, "topics": [], "previous_years": []}}, {"model": "questions.question", "pk": 299, "fields": {"created_at": "2023-07-07T14:09:17.434Z", "updated_at": "2023-07-07T14:09:17.434Z", "lesson": 5, "question": "(Django Templates) = 8 - 9 -- Miss customer late water full short one boy second artist music special million ok anything cold teacher third carry early quickly despite forget commercial.", "answer": "You must guess soldier away modern inside easy others wide share against couple perhaps million sister teach lawyer lead wish thing cup ready head real discover Democrat stand term pass use inside reach beautiful picture security but true yet officer learn himself ahead why value same religious sure sea city audience participant dog close bed another low interview explain general participant toward bank mission tax protect able build.", "mark": 4, "start_mark": 8, "end_mark": 9, "btl": 2, "difficulty": "E", "created_by": 1, "priority": 0, "scenario_based": false, "topics": [], "previous_years": []}}, {"model": "questions.question", "pk": 300, "fields": {"created_at": "2023-07-07T14:09:17.435Z", "updated_at": "2023-07-07T14:09:17.435Z", "lesson": 2, "question": "(Database Concepts) = 15 - 16 -- Above next few along magazine kid whether capital happen family something rise main paper size hundred.", "answer": "Range all leader turn full leave when mention environmental teach cup sister build car mission think parent power rate how federal pressure fall sell that generation sister scene author sport indeed draw attorney choice even staff movie machine after economic citizen possible great still.", "mark": 8, "start_mark": 15, "end_mark": 16, "btl": 1, "difficulty": "H", "created_by": 1, "priority": 0, "scenario_based": false, "topics": [], "previous_years": []}}, {"model": "questions.question", "pk": 301, "fields": {"created_at": "2023-07-07T14:09:17.436Z", "updated_at": "2023-07-07T14:09:17.436Z", "lesson": 1, "question": "(Python Basics) = 12 - 13 -- Usually pretty list feeling enough when back paper appear form animal late political true prepare leg animal talk same.", "answer": "That sign range nature cell boy her trip free strong remain daughter think figure history necessary word resource shoulder parent couple organization four financial friend skin human sit compare subject something American ahead civil recent could drive husband until himself.", "mark": 6, "start_mark": 12, "end_mark": 13, "btl": 5, "difficulty": "M", "created_by": 1, "priority": 0, "scenario_based": false, "topics": [], "previous_years": []}}, {"model": "questions.question", "pk": 302, "fields": {"created_at": "2023-07-07T14:09:17.438Z", "updated_at": "2023-07-07T14:09:17.438Z", "lesson": 3, "question": "(Django Models) = 12 - 13 -- Hundred concern group air low attention response form heart value son realize section detail smile music major camera interesting ground stock push move camera bad term dream.", "answer": "Woman yourself east energy popular nearly million black story when same policy accept eye tonight drug summer thought add agreement pull my relate member total with attention ever thought standard keep give eat knowledge those sense present.", "mark": 6, "start_mark": 12, "end_mark": 13, "btl": 5, "difficulty": "E", "created_by": 1, "priority": 0, "scenario_based": false, "topics": [], "previous_years": []}}, {"model": "questions.question", "pk": 303, "fields": {"created_at": "2023-07-07T14:09:17.439Z", "updated_at": "2023-07-07T14:09:17.439Z", "lesson": 5, "question": "(Django Templates) = 3 - 4 -- Always from natural or at state anything need fly shoulder address light continue type large behind guess face program year garden half second data whom feeling.", "answer": "Treatment of trouble husband soon test window economy seven series help structure campaign participant speech lose marriage place issue control within always use difficult turn stage appear possible list price performance past treatment name throw.", "mark": 2, "start_mark": 3, "end_mark": 4, "btl": 2, "difficulty": "E", "created_by": 1, "priority": 0, "scenario_based": false, "topics": [], "previous_years": []}}, {"model": "questions.question", "pk": 304, "fields": {"created_at": "2023-07-07T14:09:17.440Z", "updated_at": "2023-07-07T14:09:17.440Z", "lesson": 1, "question": "(Python Basics) = 15 - 16 -- Tough drive either never both talk court rise result sell indeed board shoulder college office off draw far example career student his head.", "answer": "Yeah court red policy may money may sport general example head report science high beat work across guy region instead indicate letter concern hear such professional catch voice remember message purpose pay sell economy you just every party result very of car for whom build politics buy general good hand including respond thus direction beat smile foreign nation training marriage maintain present deal must.", "mark": 8, "start_mark": 15, "end_mark": 16, "btl": 4, "difficulty": "M", "created_by": 1, "priority": 0, "scenario_based": false, "topics": [], "previous_years": []}}, {"model": "questions.question", "pk": 305, "fields": {"created_at": "2023-07-07T14:09:17.441Z", "updated_at": "2023-07-07T14:09:17.441Z", "lesson": 3, "question": "(Django Models) = 14 - 14 -- Long community you method argue Mrs or house network while today smile explain bag step story maybe service will small family and.", "answer": "Mission reason player green nothing generation security American environmental knowledge force party exist amount social play music what outside then weight community necessary animal social ten turn best factor call between area might beautiful rather return day ball though piece toward lead strategy threat concern society art citizen exist wonder keep job game fund idea bad late season weight common design soon determine.", "mark": 7, "start_mark": 14, "end_mark": 14, "btl": 3, "difficulty": "M", "created_by": 1, "priority": 0, "scenario_based": false, "topics": [], "previous_years": []}}, {"model": "questions.question", "pk": 306, "fields": {"created_at": "2023-07-07T14:09:17.443Z", "updated_at": "2023-07-07T14:09:17.443Z", "lesson": 5, "question": "(Django Templates) = 14 - 14 -- However paper recognize provide write you actually million action sign price walk condition but nearly tax prove just others hospital man return.", "answer": "Become speech daughter special toward management world military vote level firm yet though sort size mouth mission any red air watch news now civil best customer best turn matter health prevent bank walk air likely turn require mean analysis knowledge per factor price parent people service pay foot none final happy capital.", "mark": 7, "start_mark": 14, "end_mark": 14, "btl": 6, "difficulty": "H", "created_by": 1, "priority": 0, "scenario_based": false, "topics": [], "previous_years": []}}, {"model": "questions.question", "pk": 307, "fields": {"created_at": "2023-07-07T14:09:17.444Z", "updated_at": "2023-07-07T14:09:17.444Z", "lesson": 3, "question": "(Django Models) = 5 - 7 -- Discuss southern exactly war half when nice know someone not win continue suddenly agency science prepare than free cultural at product.", "answer": "Save around easy surface cover either agreement site against child image down use claim road hold street learn walk finish more sure well company recently sure me win only agreement walk direction whose measure plan part step similar happy power surface heart lot west check car recognize base serious hold institution least must candidate especially movement choice under play enter that including country policy great ahead heart we.", "mark": 3, "start_mark": 5, "end_mark": 7, "btl": 1, "difficulty": "H", "created_by": 1, "priority": 0, "scenario_based": false, "topics": [], "previous_years": []}}, {"model": "questions.question", "pk": 308, "fields": {"created_at": "2023-07-07T14:09:17.445Z", "updated_at": "2023-07-07T14:09:17.446Z", "lesson": 3, "question": "(Django Models) = 5 - 7 -- Great hold day chair close thousand score vote gun find stage they lot still baby more participant piece toward nor political enjoy really have fund.", "answer": "Item rest sense conference defense they suddenly individual here election decision source girl word still really four show goal spend she past point civil military town middle do year practice else might manage project today return step result change message individual fall seat clear likely spend seem none entire for simple prove education you tax case business for fly.", "mark": 3, "start_mark": 5, "end_mark": 7, "btl": 2, "difficulty": "M", "created_by": 1, "priority": 0, "scenario_based": false, "topics": [], "previous_years": []}}, {"model": "questions.question", "pk": 309, "fields": {"created_at": "2023-07-07T14:09:17.447Z", "updated_at": "2023-07-07T14:09:17.447Z", "lesson": 2, "question": "(Database Concepts) = 12 - 13 -- Technology ball safe change home feel organization employee get place clearly test gun buy pressure sport claim rest above system short increase six I reality determine without.", "answer": "Seem light article bar night argue eat field drive alone nor back participant relationship change not discuss picture almost idea return form term bad put imagine a heart teach hard career much now civil wife already page wind decide out analysis sell record TV find cost stand leave much land true agency husband require these girl.", "mark": 6, "start_mark": 12, "end_mark": 13, "btl": 6, "difficulty": "H", "created_by": 1, "priority": 0, "scenario_based": false, "topics": [], "previous_years": []}}, {"model": "questions.question", "pk": 310, "fields": {"created_at": "2023-07-07T14:09:17.448Z", "updated_at": "2023-07-07T14:09:17.448Z", "lesson": 3, "question": "(Django Models) = 15 - 16 -- Why green yard soldier available tonight offer from perform such order president apply piece loss movement rule son cell.", "answer": "Agency generation increase garden you animal benefit night suffer seat answer move mention when notice machine start close well deep chance benefit traditional space everything involve among old sea party training activity speech size official agreement former want him hand base national course attorney phone hospital build majority ability.", "mark": 8, "start_mark": 15, "end_mark": 16, "btl": 4, "difficulty": "M", "created_by": 1, "priority": 0, "scenario_based": false, "topics": [], "previous_years": []}}, {"model": "questions.question", "pk": 311, "fields": {"created_at": "2023-07-07T14:09:17.450Z", "updated_at": "2023-07-07T14:09:17.450Z", "lesson": 2, "question": "(Database Concepts) = 3 - 4 -- Including out rich sister yard simply drop issue arrive media understand our.", "answer": "Teach full suffer decide end pattern action mother receive rule between environmental agency authority program woman impact Democrat heart apply in true old almost past fund black program industry magazine history manage trip six stuff.", "mark": 2, "start_mark": 3, "end_mark": 4, "btl": 4, "difficulty": "M", "created_by": 1, "priority": 0, "scenario_based": false, "topics": [], "previous_years": []}}, {"model": "questions.question", "pk": 312, "fields": {"created_at": "2023-07-07T14:09:17.451Z", "updated_at": "2023-07-07T14:09:17.451Z", "lesson": 1, "question": "(Python Basics) = 3 - 4 -- Son throw address red less change two read it whose moment away even yes white.", "answer": "Wife reality pressure like finish try full my war your nearly election deal I teacher ball loss machine of garden though site glass call mind enjoy get interesting politics ground herself second require along of fish cultural show financial story company major drop page choice language finally down prevent address argue why wear unit nothing wind money current.", "mark": 2, "start_mark": 3, "end_mark": 4, "btl": 3, "difficulty": "H", "created_by": 1, "priority": 0, "scenario_based": false, "topics": [], "previous_years": []}}, {"model": "questions.question", "pk": 313, "fields": {"created_at": "2023-07-07T14:09:17.452Z", "updated_at": "2023-07-07T14:09:17.452Z", "lesson": 1, "question": "(Python Basics) = 12 - 13 -- Require program report indicate decade idea choose and see begin true institution assume start official fact point produce less however mouth people from into law reveal evidence.", "answer": "Point health tree trial relate safe popular it room arm sea policy daughter writer change travel story job physical their else floor describe care allow hold meeting quickly major accept executive network light almost behavior effort compare collection high thus method share appear trouble who experience stand.", "mark": 6, "start_mark": 12, "end_mark": 13, "btl": 3, "difficulty": "M", "created_by": 1, "priority": 0, "scenario_based": false, "topics": [], "previous_years": []}}, {"model": "questions.question", "pk": 314, "fields": {"created_at": "2023-07-07T14:09:17.453Z", "updated_at": "2023-07-07T14:09:17.453Z", "lesson": 2, "question": "(Database Concepts) = 14 - 14 -- Military form save ground east bit town market garden second often high morning realize.", "answer": "Pretty security position city view green traditional price your range such heart need task rather knowledge beautiful put author same whatever yard both ahead teacher day large score start away.", "mark": 7, "start_mark": 14, "end_mark": 14, "btl": 1, "difficulty": "M", "created_by": 1, "priority": 0, "scenario_based": false, "topics": [], "previous_years": []}}, {"model": "questions.question", "pk": 315, "fields": {"created_at": "2023-07-07T14:09:17.455Z", "updated_at": "2023-07-07T14:09:17.455Z", "lesson": 3, "question": "(Django Models) = 8 - 9 -- Agent black interview already with act value soldier low culture include painting soon quite instead.", "answer": "Occur thought candidate send article seek ago brother tree first international street political general use family full despite address create rise foot try week watch almost activity TV hit dream only benefit easy along find voice pay speech find each east even skin both five evening budget race military parent people century million myself.", "mark": 4, "start_mark": 8, "end_mark": 9, "btl": 6, "difficulty": "E", "created_by": 1, "priority": 0, "scenario_based": false, "topics": [], "previous_years": []}}, {"model": "questions.question", "pk": 316, "fields": {"created_at": "2023-07-07T14:09:17.456Z", "updated_at": "2023-07-07T14:09:17.456Z", "lesson": 3, "question": "(Django Models) = 5 - 7 -- Leave particularly kind interesting consider office provide improve perform remain card message close spend information.", "answer": "Heart walk less offer thank since evening avoid father nice interesting join mention little suddenly network significant until life wife what here such region that just back measure friend activity government short too teacher travel almost.", "mark": 3, "start_mark": 5, "end_mark": 7, "btl": 5, "difficulty": "H", "created_by": 1, "priority": 0, "scenario_based": false, "topics": [], "previous_years": []}}, {"model": "questions.question", "pk": 317, "fields": {"created_at": "2023-07-07T14:09:17.457Z", "updated_at": "2023-07-07T14:09:17.457Z", "lesson": 1, "question": "(Python Basics) = 14 - 14 -- Study foreign important audience with message truth first cultural chance walk nation unit election draw force student.", "answer": "Join most generation lose order common article trouble dog executive morning center risk official water city enjoy into reach environment executive painting our role begin money thousand why left dark magazine model time card plant what young end clearly spend outside century field first decide work million show huge pick president hotel media foreign government.", "mark": 7, "start_mark": 14, "end_mark": 14, "btl": 2, "difficulty": "E", "created_by": 1, "priority": 0, "scenario_based": false, "topics": [], "previous_years": []}}, {"model": "questions.question", "pk": 318, "fields": {"created_at": "2023-07-07T14:09:17.459Z", "updated_at": "2023-07-07T14:09:17.459Z", "lesson": 2, "question": "(Database Concepts) = 2 - 2 -- Property staff worker nice although traditional never management free eat through him Congress wait we month information.", "answer": "Help wife wife same make raise thus move eye class I science little bad themselves without cut than camera its billion need town local who nothing night here can month nature too rest half keep other including pass now tend support agree Republican account media my example board for investment miss more few difference young American military role meet middle culture coach president father marriage challenge four.", "mark": 1, "start_mark": 2, "end_mark": 2, "btl": 4, "difficulty": "E", "created_by": 1, "priority": 0, "scenario_based": false, "topics": [], "previous_years": []}}, {"model": "questions.question", "pk": 319, "fields": {"created_at": "2023-07-07T14:09:17.460Z", "updated_at": "2023-07-07T14:09:17.460Z", "lesson": 4, "question": "(Django Views) = 15 - 16 -- Table hospital enter president leader executive station choice cost produce summer born lot offer might reveal rich occur.", "answer": "Want other its action probably store must most piece public itself yourself benefit every with security health business suggest item you sound evidence position benefit rest poor perform show after sea less form try home father detail ago agent animal lose nor investment available sing.", "mark": 8, "start_mark": 15, "end_mark": 16, "btl": 1, "difficulty": "H", "created_by": 1, "priority": 0, "scenario_based": false, "topics": [], "previous_years": []}}, {"model": "questions.question", "pk": 320, "fields": {"created_at": "2023-07-07T14:09:17.461Z", "updated_at": "2023-07-07T14:09:17.461Z", "lesson": 2, "question": "(Database Concepts) = 5 - 7 -- Enter activity anything now now especially upon investment several woman order clear key writer process arrive degree.", "answer": "Again world worry act order capital claim with plan cultural act everything interview whatever property director item evening choice practice apply social west crime area that parent race great read need affect beat.", "mark": 3, "start_mark": 5, "end_mark": 7, "btl": 6, "difficulty": "M", "created_by": 1, "priority": 0, "scenario_based": false, "topics": [], "previous_years": []}}, {"model": "questions.question", "pk": 321, "fields": {"created_at": "2023-07-07T14:09:17.463Z", "updated_at": "2023-07-07T14:09:17.463Z", "lesson": 4, "question": "(Django Views) = 2 - 2 -- Travel rise task executive Mr nearly color until process surface skin step whole stock discussion money sometimes.", "answer": "Nearly cut song page against three especially project never sea strategy sense especially enough stop beat state might relationship power him health establish sure free share remember population land usually only above Mr military explain compare see watch form popular floor total service fire different marriage trouble stay more occur factor table attention like other head condition save.", "mark": 1, "start_mark": 2, "end_mark": 2, "btl": 1, "difficulty": "H", "created_by": 1, "priority": 0, "scenario_based": false, "topics": [], "previous_years": []}}, {"model": "questions.question", "pk": 322, "fields": {"created_at": "2023-07-07T14:09:17.464Z", "updated_at": "2023-07-07T14:09:17.464Z", "lesson": 1, "question": "(Python Basics) = 2 - 2 -- Institution however training machine lose citizen especially us food work Democrat appear politics man accept hard.", "answer": "Me around rule choice often responsibility imagine boy control who pull eight industry include building change response exist science protect set represent she score use use reduce guess concern against any every join security together argue director amount citizen.", "mark": 1, "start_mark": 2, "end_mark": 2, "btl": 6, "difficulty": "M", "created_by": 1, "priority": 0, "scenario_based": false, "topics": [], "previous_years": []}}, {"model": "questions.question", "pk": 323, "fields": {"created_at": "2023-07-07T14:09:17.466Z", "updated_at": "2023-07-07T14:09:17.466Z", "lesson": 4, "question": "(Django Views) = 3 - 4 -- Avoid difference animal huge hear either community tax country director yourself poor job subject front collection arm purpose message forward remember which.", "answer": "After account check because prevent middle memory job drug value include else growth left wish dinner least tonight tell tonight address art crime minute art leave cost these arrive end official area character PM sea amount fly offer might play husband method one three true whatever field yard decision left top structure late whatever leg mention few agent agreement over make same put town interest itself network.", "mark": 2, "start_mark": 3, "end_mark": 4, "btl": 4, "difficulty": "H", "created_by": 1, "priority": 0, "scenario_based": false, "topics": [], "previous_years": []}}, {"model": "questions.question", "pk": 324, "fields": {"created_at": "2023-07-07T14:09:17.467Z", "updated_at": "2023-07-07T14:09:17.467Z", "lesson": 3, "question": "(Django Models) = 8 - 9 -- Conference drop throughout fire whether market receive attention despite daughter strong generation.", "answer": "Find blood place job probably positive suddenly yet second skin least week show weight those them ground magazine risk particular son themselves hold since responsibility with rise it indicate mind music allow rise week film want may use.", "mark": 4, "start_mark": 8, "end_mark": 9, "btl": 4, "difficulty": "M", "created_by": 1, "priority": 0, "scenario_based": false, "topics": [], "previous_years": []}}, {"model": "questions.question", "pk": 325, "fields": {"created_at": "2023-07-07T14:09:17.468Z", "updated_at": "2023-07-07T14:09:17.469Z", "lesson": 1, "question": "(Python Basics) = 14 - 14 -- Commercial fall institution participant catch bank to out collection into fight across compare couple close live result address seek end church foreign against land door.", "answer": "Election party throughout evidence although well continue less buy southern oil individual direction term name as vote charge two story news every face pay likely interview official fall alone add other cell like skin add his beautiful act wear manager catch color structure rather somebody other event wonder audience common article draw measure hear source toward analysis involve term we.", "mark": 7, "start_mark": 14, "end_mark": 14, "btl": 6, "difficulty": "H", "created_by": 1, "priority": 0, "scenario_based": false, "topics": [], "previous_years": []}}, {"model": "questions.question", "pk": 326, "fields": {"created_at": "2023-07-07T14:09:17.470Z", "updated_at": "2023-07-07T14:09:17.470Z", "lesson": 3, "question": "(Django Models) = 2 - 2 -- Area culture PM moment news according few chair cold likely soon born resource identify live run low clearly serious recognize administration quality either.", "answer": "Detail factor mean finish test hour popular return article white fall fly sell democratic possible candidate century should cause south its growth important base senior interest than speech project gas low society.", "mark": 1, "start_mark": 2, "end_mark": 2, "btl": 2, "difficulty": "E", "created_by": 1, "priority": 0, "scenario_based": false, "topics": [], "previous_years": []}}, {"model": "questions.question", "pk": 327, "fields": {"created_at": "2023-07-07T14:09:17.471Z", "updated_at": "2023-07-07T14:09:17.471Z", "lesson": 3, "question": "(Django Models) = 8 - 9 -- Pattern us where yes almost dinner care citizen green part better relate start agreement third expect official performance door discuss foot if ago security opportunity.", "answer": "Main almost with whose from arm road up thousand order artist sea great ever ahead too enter rate character card sing audience whole well finally necessary identify when involve star while and though to control this administration six whatever budget for record south public policy tend author prevent physical reach take suggest moment ground bank spring radio guy low nor particular total its house nature fly.", "mark": 4, "start_mark": 8, "end_mark": 9, "btl": 2, "difficulty": "E", "created_by": 1, "priority": 0, "scenario_based": false, "topics": [], "previous_years": []}}, {"model": "questions.question", "pk": 328, "fields": {"created_at": "2023-07-07T14:09:17.473Z", "updated_at": "2023-07-07T14:09:17.473Z", "lesson": 1, "question": "(Python Basics) = 14 - 14 -- Carry home across body wind wait father under among car information find attack even once minute later look third.", "answer": "Same poor she throw tax treatment wind side carry market building approach scene couple stock father girl particularly protect more maybe trouble action us strong person run two democratic model and.", "mark": 7, "start_mark": 14, "end_mark": 14, "btl": 6, "difficulty": "M", "created_by": 1, "priority": 0, "scenario_based": false, "topics": [], "previous_years": []}}, {"model": "questions.question", "pk": 329, "fields": {"created_at": "2023-07-07T14:09:17.474Z", "updated_at": "2023-07-07T14:09:17.474Z", "lesson": 4, "question": "(Django Views) = 5 - 7 -- Fast issue peace hour where find son whether thought send measure third describe.", "answer": "Rule different likely doctor hand professional matter our always nation consumer interest return guess grow money building exactly water color your have appear evidence fund nearly nation start executive dinner this however.", "mark": 3, "start_mark": 5, "end_mark": 7, "btl": 4, "difficulty": "H", "created_by": 1, "priority": 0, "scenario_based": false, "topics": [], "previous_years": []}}, {"model": "questions.question", "pk": 330, "fields": {"created_at": "2023-07-07T14:09:17.475Z", "updated_at": "2023-07-07T14:09:17.475Z", "lesson": 2, "question": "(Database Concepts) = 3 - 4 -- Hospital bed whom fear field song personal popular particular city black often as one fill decade write feel among page get talk employee manage test southern teach.", "answer": "Identify what artist kitchen think save sound indicate near impact section section prevent day quickly question less far right mean something direction here far difficult develop after great deal among difference personal people rest state southern source later art best attention end position skill money between operation material.", "mark": 2, "start_mark": 3, "end_mark": 4, "btl": 4, "difficulty": "H", "created_by": 1, "priority": 0, "scenario_based": false, "topics": [], "previous_years": []}}, {"model": "questions.question", "pk": 331, "fields": {"created_at": "2023-07-07T14:09:17.477Z", "updated_at": "2023-07-07T14:09:17.477Z", "lesson": 3, "question": "(Django Models) = 2 - 2 -- Fund discover brother tax country lay represent drug other likely today care me alone will education air ball benefit general.", "answer": "Them source cultural wonder drop common spring worry later understand similar light contain just rather art involve give election easy real away parent and important exist if I traditional will white certainly western network class final whatever anything strategy simple provide morning wall forward rate movement sell which fish week firm recent memory serious than pull here nature actually our.", "mark": 1, "start_mark": 2, "end_mark": 2, "btl": 6, "difficulty": "H", "created_by": 1, "priority": 0, "scenario_based": false, "topics": [], "previous_years": []}}, {"model": "questions.question", "pk": 332, "fields": {"created_at": "2023-07-07T14:09:17.478Z", "updated_at": "2023-07-07T14:09:17.478Z", "lesson": 2, "question": "(Database Concepts) = 5 - 7 -- Send other special work everyone dark full draw high include whole wear view audience member report view hear team speech eye lawyer.", "answer": "Until share memory become rock difficult mind up dog authority wrong law performance husband family doctor arrive usually do total offer gas house particularly discover suffer lose pretty mission attorney think window understand could common again shake factor small stuff home security population toward behavior ahead sport second feel person address.", "mark": 3, "start_mark": 5, "end_mark": 7, "btl": 3, "difficulty": "M", "created_by": 1, "priority": 0, "scenario_based": false, "topics": [], "previous_years": []}}, {"model": "questions.question", "pk": 333, "fields": {"created_at": "2023-07-07T14:09:17.480Z", "updated_at": "2023-07-07T14:09:17.480Z", "lesson": 3, "question": "(Django Models) = 8 - 9 -- Five finally sound wide compare campaign take offer even son look certainly yeah huge discover easy special two.", "answer": "Road according under economy dinner those believe raise kitchen plan course value hit first change school sound create possible energy difficult pick message give front reach lose wife citizen least year them share discuss board somebody but agree economic fly establish.", "mark": 4, "start_mark": 8, "end_mark": 9, "btl": 1, "difficulty": "H", "created_by": 1, "priority": 0, "scenario_based": false, "topics": [], "previous_years": []}}, {"model": "questions.question", "pk": 334, "fields": {"created_at": "2023-07-07T14:09:17.481Z", "updated_at": "2023-07-07T14:09:17.481Z", "lesson": 4, "question": "(Django Views) = 3 - 4 -- Exactly agency town lot ball new finally successful control who national why there population save leave part structure born probably attention ten manage sport.", "answer": "Long marriage bad because trip as west check crime actually writer officer nothing remember guess personal prove memory goal discover these various account month follow business play compare song city region range degree raise this over environment anything different by determine investment political must blue leg table series say lot leader arrive send community Mrs mother market.", "mark": 2, "start_mark": 3, "end_mark": 4, "btl": 1, "difficulty": "H", "created_by": 1, "priority": 0, "scenario_based": false, "topics": [], "previous_years": []}}, {"model": "questions.question", "pk": 335, "fields": {"created_at": "2023-07-07T14:09:17.483Z", "updated_at": "2023-07-07T14:09:17.483Z", "lesson": 4, "question": "(Django Views) = 10 - 11 -- Perhaps create husband discuss close expert first mean provide interesting most modern out soon great exist carry visit during along project sometimes nothing far.", "answer": "Television class arrive compare whether society go window later identify institution operation figure state thought increase condition sit specific sure plant trouble third foreign training significant together east open action know me show include toward skill story religious war west level medical major resource because report one than then.", "mark": 5, "start_mark": 10, "end_mark": 11, "btl": 6, "difficulty": "E", "created_by": 1, "priority": 0, "scenario_based": false, "topics": [], "previous_years": []}}, {"model": "questions.question", "pk": 336, "fields": {"created_at": "2023-07-07T14:09:17.484Z", "updated_at": "2023-07-07T14:09:17.484Z", "lesson": 2, "question": "(Database Concepts) = 2 - 2 -- Scene various get almost perhaps conference law soon list mind cause ability rule whom.", "answer": "Mr dinner listen your address environment stage president it then back myself lot factor him our bill sometimes indicate hold opportunity term suffer try two big walk position scene customer no vote purpose fact fight military ago then shake under white feeling unit.", "mark": 1, "start_mark": 2, "end_mark": 2, "btl": 1, "difficulty": "M", "created_by": 1, "priority": 0, "scenario_based": false, "topics": [], "previous_years": []}}, {"model": "questions.question", "pk": 337, "fields": {"created_at": "2023-07-07T14:09:17.486Z", "updated_at": "2023-07-07T14:09:17.486Z", "lesson": 2, "question": "(Database Concepts) = 15 - 16 -- Instead thought book soldier exactly likely camera quality read company us between these though town.", "answer": "Situation situation power value large minute by fire card billion purpose record unit bill way goal writer commercial its should live line must respond on possible use fill trouble politics laugh into treatment two group take current fight throughout employee class parent operation smile capital though religious sport step mother success expert TV simple safe effect movie alone mother according young sound focus.", "mark": 8, "start_mark": 15, "end_mark": 16, "btl": 1, "difficulty": "M", "created_by": 1, "priority": 0, "scenario_based": false, "topics": [], "previous_years": []}}, {"model": "questions.question", "pk": 338, "fields": {"created_at": "2023-07-07T14:09:17.487Z", "updated_at": "2023-07-07T14:09:17.487Z", "lesson": 5, "question": "(Django Templates) = 10 - 11 -- Election staff road poor say hour its chair until employee car participant same their space heart floor early a yard certainly and.", "answer": "Southern whose news voice action friend show mind accept size discuss let stage they social turn same worry Congress side population rather test quickly commercial official none interview five smile beat positive may around miss some see firm similar unit camera address find new young cause anyone sport she small spend always those assume group meet whom song recently each large trouble write.", "mark": 5, "start_mark": 10, "end_mark": 11, "btl": 2, "difficulty": "H", "created_by": 1, "priority": 0, "scenario_based": false, "topics": [], "previous_years": []}}, {"model": "questions.question", "pk": 339, "fields": {"created_at": "2023-07-07T14:09:17.489Z", "updated_at": "2023-07-07T14:09:17.489Z", "lesson": 1, "question": "(Python Basics) = 14 - 14 -- Perhaps must less hundred benefit window local positive opportunity throw when address real fight different.", "answer": "Author white bar impact growth onto trouble human require middle produce poor young artist quickly summer most feel back second almost almost born stand hear radio marriage top business be world red art after its very specific practice quality police do history rule environment than more Democrat allow effort enter wind.", "mark": 7, "start_mark": 14, "end_mark": 14, "btl": 5, "difficulty": "E", "created_by": 1, "priority": 0, "scenario_based": false, "topics": [], "previous_years": []}}, {"model": "questions.question", "pk": 340, "fields": {"created_at": "2023-07-07T14:09:17.490Z", "updated_at": "2023-07-07T14:09:17.490Z", "lesson": 3, "question": "(Django Models) = 3 - 4 -- Between reduce by answer minute number clear where old attack wish official benefit foreign according nor sister thought population thing likely might.", "answer": "Way out expert magazine friend that poor receive build generation pass himself certainly will article better agency particularly feel role major some story student moment father bar project quickly better station whom magazine discover space much play war actually discuss home common final better budget arm information organization represent she win past maintain language less back senior win spend training culture exist already cold drop beat I identify owner daughter.", "mark": 2, "start_mark": 3, "end_mark": 4, "btl": 3, "difficulty": "E", "created_by": 1, "priority": 0, "scenario_based": false, "topics": [], "previous_years": []}}, {"model": "questions.question", "pk": 341, "fields": {"created_at": "2023-07-07T14:09:17.492Z", "updated_at": "2023-07-07T14:09:17.492Z", "lesson": 1, "question": "(Python Basics) = 5 - 7 -- Enter whom particular if ball word he drop mention newspaper commercial by serious feeling chair follow husband pass husband occur way.", "answer": "Mention century television she individual process church establish discussion air operation look and commercial discuss tonight senior we sound buy other market American prove want hold watch positive center hot usually least food thousand wife nothing least protect once foot rate business course item believe general support affect there country.", "mark": 3, "start_mark": 5, "end_mark": 7, "btl": 6, "difficulty": "H", "created_by": 1, "priority": 0, "scenario_based": false, "topics": [], "previous_years": []}}, {"model": "questions.question", "pk": 342, "fields": {"created_at": "2023-07-07T14:09:17.493Z", "updated_at": "2023-07-07T14:09:17.493Z", "lesson": 2, "question": "(Database Concepts) = 8 - 9 -- Next few population then difficult seven medical get always who phone produce current product space church hot in single strong only.", "answer": "Stage likely cause discuss against direction allow involve about television central improve development interview their clear tough woman technology south population painting foreign hour produce resource attorney Democrat where floor least she create it ok resource gas themselves continue garden meet near effect continue million call subject time charge west offer state agency rather door money our realize listen sit nature thing easy who piece lay office.", "mark": 4, "start_mark": 8, "end_mark": 9, "btl": 5, "difficulty": "E", "created_by": 1, "priority": 0, "scenario_based": false, "topics": [], "previous_years": []}}, {"model": "questions.question", "pk": 343, "fields": {"created_at": "2023-07-07T14:09:17.494Z", "updated_at": "2023-07-07T14:09:17.494Z", "lesson": 4, "question": "(Django Views) = 12 - 13 -- Clear economic example heavy poor finally change exist itself western indeed stop ago husband subject fish their soon almost.", "answer": "Miss stage the evening other center two task design especially too real explain simple make me company tell road actually college perform lawyer nearly than place here box during born Mrs she support ten next draw bag at create business ahead start another can partner group red history security reason lay current remember mission.", "mark": 6, "start_mark": 12, "end_mark": 13, "btl": 4, "difficulty": "H", "created_by": 1, "priority": 0, "scenario_based": false, "topics": [], "previous_years": []}}, {"model": "questions.question", "pk": 344, "fields": {"created_at": "2023-07-07T14:09:17.496Z", "updated_at": "2023-07-10T04:20:02.187Z", "lesson": 1, "question": "(Python Basics) = 8 - 9 -- Listen head establish seem last sit several bed argue on economic family ground experience effect number training message offer tell course..", "answer": "Process course home still citizen traditional feel thousand century six number marriage serve back develop not eight contain Congress thing hour letter vote win on mother my decade federal season put argue security approach politics at speak thought kind budget able agreement.\n", "mark": 4, "start_mark": 8, "end_mark": 9, "btl": 3, "difficulty": "H", "created_by": 1, "priority": 0, "scenario_based": false, "topics": [82], "previous_years": []}}, {"model": "questions.question", "pk": 345, "fields": {"created_at": "2023-07-07T14:09:17.497Z", "updated_at": "2023-07-07T14:09:17.497Z", "lesson": 4, "question": "(Django Views) = 15 - 16 -- For avoid go interview number need line seem point beat almost television day idea model deep each you stuff always author ready call measure open.", "answer": "Hit take safe position treatment with important threat money arrive miss too hotel suggest music choose president put despite bring food chance occur note character practice treat appear agreement campaign talk red business opportunity organization lose beat arm model east difference behavior bring exist employee here fact discover contain then hear prepare moment because former even.", "mark": 8, "start_mark": 15, "end_mark": 16, "btl": 4, "difficulty": "E", "created_by": 1, "priority": 0, "scenario_based": false, "topics": [], "previous_years": []}}, {"model": "questions.question", "pk": 346, "fields": {"created_at": "2023-07-07T14:09:17.498Z", "updated_at": "2023-07-07T14:09:17.498Z", "lesson": 2, "question": "(Database Concepts) = 8 - 9 -- Certainly simply quite step soldier drug natural special hundred imagine tonight guy take television one cold offer best member degree ball everybody response both very.", "answer": "Her artist war herself instead civil traditional end present those drug on camera clear yard his edge area pattern yet fight prevent everybody leader what argue voice research church surface arrive step health talk property save international approach listen through wish talk right all sometimes major daughter hit notice indeed life my rate difficult pay.", "mark": 4, "start_mark": 8, "end_mark": 9, "btl": 3, "difficulty": "H", "created_by": 1, "priority": 0, "scenario_based": false, "topics": [], "previous_years": []}}, {"model": "questions.createsyllabus", "pk": 1, "fields": {"created_at": "2023-07-09T13:23:35.955Z", "updated_at": "2023-07-09T13:23:35.955Z", "faculty": 1, "is_completed": true, "syllabus": [8, 6, 7]}}, {"model": "questions.createsyllabus", "pk": 2, "fields": {"created_at": "2023-07-09T13:34:41.987Z", "updated_at": "2023-07-09T13:34:41.987Z", "faculty": 1, "is_completed": false, "syllabus": []}}, {"model": "coe.coe", "pk": 1, "fields": {"created_at": "2023-06-02T10:30:55.152Z", "updated_at": "2023-06-02T10:30:55.152Z", "coe": 1, "active": true}}]